Workbook

Sheet Talimatlar
A1: İbn Teymiyye Tutum Haritalama · H2 Manuel Doğrulama Atölyesi
A2: Bu çalışma İbn Teymiyye'nin Iman bahsindeki paralel pasajların (Mecmû V07 İbn Kāsım edisyonu ↔ Standalone Iman Albani edisyonu) manuel doğrulamasıdır.
A4: 📋 PROTOKOL
A5: 1. Aşağıdaki 'Etiketleme' sekmesine geçin.
A6: 2. Her satır bir pair (kaynak ↔ hedef pasaj). 26 pair var.
A7: 3. Sırayla her pair için:
A8: a. Sol kolonda 'Kaynak metin' (Mecmû V07 / İbn Kāsım edisyonu) okuyun.
A9: b. Sağ kolonda 'Hedef metin' (Standalone Iman / Albani edisyonu) okuyun.
A10: c. 'ETİKET' kolonuna tıklayın → açılır listeden 5 sınıftan birini seçin.
A11: d. 'Notlar' kolonuna kararınızın gerekçesini yazın (özellikle OVERLAP / NOISE için).
A12: 4. Excel her tuş vuruşunda otomatik kaydeder; özel bir 'kaydet' adımı gerekmiyor.
A13: 5. 'Özet' sekmesinde ilerlemeniz canlı güncellenir (kaç tamamlandı, sınıf dağılımı).
... A59: • Kararsız kaldığınız pair'leri 'Notlar' kolonunda 'TARTIŞMA' yazarak işaretleyin; atölye sonu birlikte tahkim edebiliriz.

Sheet Etiketleme
A1: # | B1: Bant | C1: Source ID | D1: Target ID | E1: Skor | F1: Adjusted | G1: QD-S | H1: QD-T | I1: Sayfalar | J1: Kaynak metin (Mecmû V07 / İbn Kāsım) | K1: Hedef metin (Standalone Iman / Albani) | L1: ETİKET | M1: Notlar
A2: 1 | B2: Çok yüksek (likely birebir) | C2: MF-V07-S09-P021 | D2: IMN-S00-P132 | E2: 0.958 | F2: 0.94 | G2: 0.02 | H2: 0.01 | I2: S: V07P328–V07P417 T: V01P007–V01P359 | J2: قلت: لفظ المجمل والمطلق والعام كان في اصطلاح الأئمة كالشافعي وأحمد وأبي عبيد وإسحاق وغيرهم سواء لا يريدون بالمجمل ما لا يفهم منه كما فسره به بعض المتأخرين وأخطأ في ذلك بل المجمل ما لا يكفي وحده في العمل به وإن كان ظاهره حقا كما في قوله تعالى {خذ من أموالهم صدقة تطهرهم وتزكيهم بها} فهذه الآية ظاهرها ومعناها مفهوم ليست مما لا يفهم المراد به؛ بل نفس ما دلت عليه لا يكفي وحده في العمل فإن المأمور به صدقة تكون مطهرة مزكية لهم هذا إنما يعرف ببيان الرسول صلى الله عليه وسلم ولهذا قال أحمد يحذر المتكلم في الفقه هذين " الأصلين ": المجمل والقياس. وقال: أكثر ما يخطئ الناس من جهة التأويل والقياس يريد بذلك ألا يحكم بما يدل عليه العام والمطلق قبل النظر فيما يخصه ويقيده ولا يعمل بالقياس قبل النظر في دلالة النصوص هل تدفعه فإن أكثر خطأ الناس تمسكهم بما يظنونه من دلالة اللفظ والقياس؛ فالأمور الظنية لا يعمل بها حتى يبحث عن المعارض بحثا يطمئن القلب إليه وإلا أخطأ من لم يفعل ذلك وهذا هو الواقع في المتمسكين بالظواهر والأقيسة ولهذا جعل الاحتجاج بالظواهر مع الإعراض عن تفسير النبي صلى الله عليه وسلم وأصحابه طريق أهل البدع. وله في ذلك مصنف كبير. وكذلك التمسك بالأقيسة مع الإعراض عن النصوص والآثار طريق أهل البدع. ولهذا كان كل قول ابتدعه هؤلاء قولا فاسدا وإنما الصواب من أقوالهم ما وافقوا فيه السلف من الصحابة والتابعين لهم بإحسان وقوله تعالى {يوصيكم الله في أولادكم} سماه عاما وهو مطلق في الأحوال يعمها على طريق البدل كما يعم قوله: {فتحرير رقبة} جميع الرقاب لا يعمها كما يعم لفظ الولد للأولاد. ومن أخذ بهذا لم يأخذ بما دل عليه ظاهر لفظ القرآن بل أخذ بما ظهر له مما سكت عنه القرآن فكان الظهور لسكوت القرآن عنه لا لدلالة القرآن على أنه ظاهر فكانوا متمسكين بظاهر من القول لا بظاهر القول؛ وعمدتهم عدم العلم بالنصوص التي فيها علم بما قيد وإلا فكل ما بينه القرآن وأظهره فهو حق؛ بخلاف ما يظهر للإنسان لمعنى آخر غير نفس القرآن يسمى ظاهر القرآن كاستدلالات أهل البدع من المرجئة والجهمية والخوارج والشيعة. قال أحمد: وأما من زعم أن الإيمان الإقرار فما يقول في المعرفة؟ هل يحتاج إلى المعرفة مع الإقرار؟ وهل يحتاج أن يكون مصدقا بما عرف؟ فإن زعم أنه يحتاج إلى المعرفة مع الإقرار فقد زعم أنه من شيئين وإن زعم أنه يحتاج أن يكون مقرا ومصدقا بما عرف فهو من ثلاثة أشياء؛ وإن جحد وقال: لا يحتاج إلى المعرفة والتصديق فقد قال قولا عظيما ولا أحسب أحدا يدفع المعرفة والتصديق وكذلك العمل مع هذه الأشياء. قلت أحمد وأبو ثور وغيرهما من الأئمة كانوا قد عرفوا أصل قول المرجئة وهو أن الإيمان لا يذهب بعضه ويبقى بعضه؛ فلا يكون إلا شيئا واحدا فلا يكون ذا عدد: اثنين أو ثلاثة فإنه إذا كان له عدد أمكن ذهاب بعضه وبقاء بعضه بل لا يكون إلا شيئا واحدا ولهذا قالت الجهمية: إنه شيء واحد في القلب. وقالت الكرامية: إنه شيء واحد على اللسان كل ذلك فرارا من تبعض الإيمان وتعدده فلهذا صاروا يناظرونهم بما يدل على أنه ليس شيئا واحدا كما قلتم. فأبو ثور احتج بما اجتمع عليه " الفقهاء المرجئة " من أنه تصديق وعمل ولم يكن بلغه قول متكلميهم وجهميتهم أو لم يعد خلافهم خلافا وأحمد ذكر أنه لا بد من المعرفة والتصديق مع الإقرار وقال: إن من جحد المعرفة والتصديق فقد قال قولا عظيما فإن فساد هذا القول معلوم من دين الإسلام ولهذا لم يذهب إليه أحد قبل الكرامية مع أن الكرامية لا تنكر وجوب المعرفة والتصديق ولكن تقول: لا يدخل في اسم الإيمان حذرا من تبعضه وتعدده لأنهم رأوا أنه لا يمكن أن يذهب بعضه ويبقى بعضه بل ذلك يقتضي أن يجتمع في القلب إيمان وكبر واعتقدوا الإجماع على نفي ذلك. كما ذكر هذا الإجماع الأشعري وغيره. وهذه الشبهة التي أوقعتهم مع علم كثير منهم وعبادته وحسن إسلامه وإيمانه ولهذا دخل في " إرجاء الفقهاء " جماعة هم عند الأمة أهل علم ودين. ولهذا لم يكفر أحد من السلف أحدا من " مرجئة الفقهاء " بل جعلوا هذا من بدع الأقوال والأفعال؛ لا من بدع العقائد فإن كثيرا من النزاع فيها لفظي لكن اللفظ المطابق للكتاب والسنة هو الصواب فليس لأحد أن يقول بخلاف قول الله ورسوله لا سيما وقد صار ذلك ذريعة إلى بدع أهل الكلام من أهل الإرجاء وغيرهم وإلى ظهور الفسق فصار ذلك الخطأ اليسير في اللفظ سببا لخطأ عظيم في العقائد والأعمال فلهذا عظم القول في ذم " الإرجاء " حتى قال إبراهيم النخعي: لفتنتهم - يعني المرجئة - أخوف على هذه الأمة من فتنة | K2: ليست مما لا يفهم المراد به، بل نفس ما دلت عليه لا يكفي وحده في العمل فإن المأمور به صدقة تكون مطهرة مزكية لهم، وهذا إنما يعرف ببيان الرسول صلى الله عليه وسلم؛ ولهذا قال أحمد يحذر المتكلم في الفقه هذين الأصلين: المجمل والقياس. وقال: أكثر ما يخطئ الناس من جهة التأويل والقياس، يريد بذلك ألا يحكم بما يدل عليه العام والمطلق قبل النظر فيما يخصه ويقيده، ولا يعمل بالقياس قبل النظر في دلالة النصوص هل تدفعه، فإن أكثر خطأ الناس تمسكهم بما يظنونه من دلالة اللفظ والقياس، فالأمور الظنية لا يعمل بها حتى يبحث عن المعارض بحثا يطمئن القلب إليه، وإلا أخطأ من لم يفعل ذلك. وهذا هو الواقع في المتمسكين بالظواهر والأقيسة؛ ولهذا جعل الاحتجاج بالظواهر مع الإعراض عن تفسير النبي صلى الله عليه وسلم وأصحابه طريق أهل البدع، وله في ذلك مصنف كبير. وكذلك التمسك بالأقيسة مع الإعراض عن النصوص والآثار طريق أهل البدع؛ ولهذا كان كل قول ابتدعه هؤلاء قولا فاسدا، وإنما الصواب من أقوالهم ما وافقوا فيه السلف من الصحابة والتابعين لهم بإحسان، وقوله تعالى: {يوصيكم الله في أولادكم} [النساء: 11] سماه عاما وهو مطلق في الأحوال، يعمها على طريق البدل، كما يعم قوله: {فتحرير رقبة} [المجادلة: 3] جميع الرقاب، لا يعمها كما يعم لفظ الولد للأولاد، ومن أخذ بهذا لم يأخذ بما دل عليه ظاهر لفظ القرآن، بل أخذ بما ظهر له مما سكت عنه القرآن، فكان الظهور لسكوت القرآن عنه، لا لدلالة القرآن على أنه ظاهر، فكانوا متمسكين بظاهر من القول لا بظاهر القول، وعمدتهم عدم العلم بالنصوص التي فيها علم بما قيد، وإلا فكل ما بينه القرآن وأظهره فهو حق، بخلاف ما يظهر للإنسان لمعنى آخر غير نفس القرآن يسمى ظاهر القرآن. كاستدلالات أهل البدع من المرجئة والجهمية والخوارج والشيعة. قال أحمد: وأما من زعم أن الإيمان الإقرار، فما يقول في المعرفة؟ هل يحتاج إلى المعرفة مع الإقرار؟ وهل يحتاج أن يكون مصدقا بما عرف؟ فإن زعم أنه يحتاج إلى المعرفة مع الإقرار فلقد زعم أنه من شيئين، وإن زعم أنه يحتاج أن يكون مقرا ومصدقا بما عرف فهو من ثلاثة أشياء، وإن جحد وقال: لا يحتاج إلى المعرفة والتصديق، فقد قال قولا عظيما، ولا أحسب أحدا يدفع المعرفة والتصديق وكذلك العمل مع هذه الأشياء. قلت: أحمد وأبو ثور وغيرهما من الأئمة كانوا قد عرفوا أصل قول المرجئة، وهو: أن الإيمان لا يذهب بعضه ويبقى بعضه، فلا يكون إلا شيئا واحدا فلا يكون ذا عدد؛ اثنين أو ثلاثة، فإنه إذا كان له عدد، أمكن ذهاب بعضه وبقاء بعضه، بل لا يكون إلا شيئا واحدا، ولهذا قالت الجهمية: إنه شيء واحد في القلب. وقالت الكرامية: إنه شيء واحد على اللسان، كل ذلك فرارا من تبعض الإيمان وتعدده، فلهذا صاروا يناظرونهم بما يدل على أنه ليس شيئا واحدا، كما قلتم، فأبو ثور احتج بما اجتمع عليه الفقهاء المرجئة، من أنه تصديق وعمل، ولم يكن بلغه قول متكلميهم وجهميتهم، أو لم يعد خلافهم خلافا، وأحمد ذكر أنه لابد من المعرفة والتصديق مع الإقرار، وقال: إن من جحد المعرفة والتصديق فقد قال قولا عظيما، فإن فساد هذا القول معلوم من دين الإسلام؛ ولهذا لم يذهب إليه أحد قبل الكرامية، مع أن الكرامية لا تنكر وجوب المعرفة والتصديق، ولكن تقول: لا يدخل في اسم الإيمان حذرا من تبعضه وتعدده؛ لأنهم رأوا أنه لا يمكن أن يذهب بعضه ويبقى بعضه، بل ذلك يقتضي أن يجتمع في القلب إيمان وكبر، واعتقدوا الإجماع على نفي ذلك، كما ذكر هذا الإجماع الأشعري وغيره. وهذه الشبهة التي أوقعتهم مع علم كثير منهم وعبادته وحسن إسلامه وإيمانه؛ ولهذا دخل في إرجاء الفقهاء جماعة هم عند الأمة أهل علم ودين؛ ولهذا لم يكفر أحد من السلف أحدا من مرجئة الفقهاء بل جعلوا هذا من بدع الأقوال والأفعال، لا من بدع العقائد، فإن كثيرا من النزاع فيها لفظي، لكن اللفظ المطابق للكتاب والسنة هو الصواب فليس لأحد أن يقول بخلاف قول الله ورسوله، لا سيما وقد صار ذلك ذريعة إلى بدع أهل الكلام من أهل الإرجاء وغيرهم وإلى ظهور الفسق، فصار ذلك الخطأ اليسير في اللفظ سببا لخطأ عظيم
A3: 2 | B3: Çok yüksek (likely birebir) | C3: MF-V07-S08-P005 | D3: IMN-S00-P105 | E3: 0.973 | F3: 0.915 | G3: 0.06 | H3: 0.06 | I3: S: V07P298–V07P327 T: V01P007–V01P359 | J3: فصل: ومما يسأل عنه أنه إذا كان ما أوجبه الله من الأعمال الظاهرة أكثر من هذه الخمس؛ فلماذا قال: الإسلام هذه الخمس وقد أجاب بعض الناس بأن هذه أظهر شعائر الإسلام وأعظمها وبقيام العبد بها يتم إسلامه وتركه لها يشعر بانحلال قيد انقياده. و " التحقيق " أن النبي صلى الله عليه وسلم ذكر الدين الذي هو استسلام العبد لربه مطلقا الذي يجب لله عبادة محضة على الأعيان. فيجب على كل من كان قادرا عليه ليعبد الله بها مخلصا له الدين. وهذه هي الخمس وما سوى ذلك فإنما يجب بأسباب لمصالح فلا يعم وجوبها جميع الناس؛ بل إما أن يكون فرضا على الكفاية كالجهاد والأمر بالمعروف والنهي عن المنكر؛ وما يتبع ذلك من إمارة وحكم وفتيا؛ وإقراء وتحديث وغير ذلك. وإما أن يجب بسبب حق للآدميين يختص به من وجب له وعليه وقد يسقط بإسقاطه. وإذا حصلت المصلحة أو الإبراء إما بإبرائه وإما بحصول المصلحة فحقوق العباد مثل قضاء الديون ورد الغصوب والعواري والودائع والإنصاف من المظالم من الدماء والأموال والأعراض؛ إنما هي حقوق الآدميين وإذا أبرئوا منها سقطت. وتجب على شخص دون شخص في حال دون حال لم تجب عبادة محضة لله على كل عبد قادر؛ ولهذا يشترك فيها المسلمون واليهود والنصارى بخلاف الخمسة فإنها من خصائص المسلمين. وكذلك ما يجب من صلة الأرحام وحقوق الزوجة والأولاد والجيران والشركاء والفقراء. وما يجب من أداء الشهادة والفتيا والقضاء والإمارة والأمر بالمعروف والنهي عن المنكر والجهاد؛ كل ذلك يجب بأسباب عارضة على بعض الناس دون بعض لجلب منافع ودفع مضار لو حصلت بدون فعل الإنسان لم تجب؛ فما كان مشتركا فهو واجب على الكفاية وما كان مختصا فإنما يجب على زيد دون عمرو لا يشترك الناس في وجوب عمل بعينه على كل أحد قادر سوى الخمس؛ فإن زوجة زيد وأقاربه ليست زوجة عمرو وأقاربه فليس الواجب على هذا مثل الواجب على هذا بخلاف صوم رمضان وحج البيت والصلوات الخمس والزكاة؛ فإن الزكاة وإن كانت حقا ماليا فإنها واجبة لله؛ والأصناف الثمانية مصارفها؛ ولهذا وجبت فيها النية ولم يجز أن يفعلها الغير عنه بلا إذنه ولم تطلب من الكفار. وحقوق العباد لا يشترط لها النية ولو أداها غيره عنه بغير إذنه برئت ذمته ويطالب بها الكفار وما يجب حقا لله تعالى كالكفارات هو بسبب من العبد وفيها شوب العقوبات فإن الواجب لله " ثلاثة أنواع ": عبادة محضة كالصلوات وعقوبات محضة كالحدود وما يشبهها كالكفارات. وكذلك كفارات الحج وما يجب بالنذر فإن ذلك يجب بسبب فعل من العبد وهو واجب في ذمته. وأما " الزكاة " فإنها تجب حقا لله في ماله. ولهذا يقال: ليس في المال حق سوى الزكاة أي ليس فيه حق يجب بسبب المال سوى الزكاة وإلا ففيه واجبات بغير سبب المال كما تجب النفقات للأقارب والزوجة والرقيق والبهائم ويجب حمل العاقلة ويجب قضاء الديون ويجب الإعطاء في النائبة ويجب إطعام الجائع وكسوة العاري فرضا على الكفاية؛ إلى غير ذلك من الواجبات المالية. لكن بسبب عارض والمال شرط وجوبها كالاستطاعة في الحج فإن البدن سبب الوجوب والاستطاعة شرط والمال في الزكاة هو السبب والوجوب معه؛ حتى لو لم يكن في بلده من يستحقها حملها إلى بلدة أخرى وهي حق وجب لله تعالى. ولهذا قال: من قال من الفقهاء: إن التكليف شرط فيها فلا تجب على الصغير والمجنون. وأما عامة الصحابة والجمهور كمالك والشافعي وأحمد فأوجبوها في مال الصغير والمجنون لأن مالهما من جنس مال غيرهما ووليهما يقوم مقامهما بخلاف بدنهما. فإنه إنما يتصرف بعقلهما؛ وعقلهما ناقص. وصار هذا كما يجب العشر في أرضهما مع أنه إنما يستحقه الثمانية. وكذلك إيجاب الكفارة في مالهما. والصلاة والصيام إنما تسقط لعجز العقل عن الإيجاب لا سيما إذا انضم إلى عجز البدن كالصغير. وهذا المعنى منتف في المال فإن الولي قام مقامهما في الفهم كما يقوم مقامهما في جميع ما يجب في المال وأما بدنهما فلا يجب عليهما فيه شيء. فصل: (*) قال محمد بن نصر: واستدلوا على أن الإيمان هو ما ذكروه بالآيات التي تلوناها عند ذكر تسمية الله الصلاة وسائر الطاعات إيمانا واستدلوا أيضا بما قص الله من إباء إبليس حين عصى ربه في سجدة واحدة (*) أمر أن يسجدها لآدم فأباها. فهل جحد إبليس ربه وهو يقول: {رب بما أغويتني} ويقول: {رب فأنظرني إلى يوم يبعثون} إيمانا منه بالبعث وإيمانا بنفاذ قدرته في إنظاره إياه إلى يوم يبعثون وهل جحد أحدا من أنبيائه أو أنكر شيئا من سلطانه وهو يحلف بعزته؟ وهل كان كفره إلا بترك سجدة واحدة أمر بها فأباها؟ قال: واستدلوا أيضا بما قص الله علينا من نبأ ابني آدم {إذ قربا قربانا فتقبل من أحدهما ولم يتقبل من الآخر} إلى قوله: {فأصبح من الخاسرين} قالوا: وهل جحد ربه؟ وكيف يجحده وهو يقرب القربان؟ . قالوا: قال الله تعالى: {إنما يؤمن بآياتنا الذين إذا ذكروا بها خروا سجدا وسبحوا بحمد ربهم وهم لا يستكبرون} ولم يقل: إذا ذكروا بها أقروا بها فقط. وقال: {الذين آتيناهم الكتاب يتلونه حق تلاوته أولئك يؤمنون به} يعني يتبعونه حق اتباعه Page | K3: والتحقيق أن النبي صلى الله عليه وسلم ذكر الدين الذي هو استسلام العبد لربه مطلقا، الذي يجب لله عبادة محضة على الأعيان. فيجب على كل من كان قادرا عليه ليعبد الله بها مخلصا له الدين. وهذه هي الخمس، وما سوى ذلك فإنما يجب بأسباب لمصالح، فلا يعم وجوبها جميع الناس، بل إما أن يكون فرضا على الكفاية، كالجهاد، والأمر بالمعروف، والنهي عن المنكر، وما يتبع ذلك من إمارة، وحكم، وفتيا، وإقراء، وتحديث، وغير ذلك. وإما أن يجب بسبب حق للآدميين يختص به من وجب له وعليه. وقد يسقط بإسقاطه، وإذا حصلت المصلحة أو الإبراء، إما بإبرائه وإما بحصول المصلحة، فحقوق العباد مثل قضاء الديون ورد الغصوب، والعواري والودائع، والإنصاف من المظالم من الدماء والأموال والأعراض، إنما هي حقوق الآدميين. وإذا أبرئوا منها سقطت. وتجب على شخص دون شخص في حال دون حال، لم تجب عبادة محضة لله على كل عبد قادر؛ ولهذا يشترك فيها المسلمون واليهود والنصارى، بخلاف الخمسة فإنها من خصائص المسلمين. وكذلك ما يجب من صلة الأرحام، وحقوق الزوجة، والأولاد والجيران والشركاء، والفقراء، وما يجب من أداء الشهادة، والفتيا، والقضاء، والإمارة، والأمر بالمعروف والنهي عن المنكر، والجهاد، كل ذلك يجب بأسباب عارضة على بعض الناس دون بعض لجلب منافع ودفع مضار، لو حصلت بدون فعل الإنسان لم تجب، فما كان مشتركا فهو واجب على الكفاية، وما كان مختصا فإنما يجب على زيد دون عمرو، لا يشترك الناس في وجوب عمل بعينه على كل أحد قادر سوى الخمس، فإن زوجة زيد وأقاربه ليست زوجة عمرو وأقاربه فليس الواجب على هذا مثل الواجب على هذا، بخلاف صوم رمضان، وحج البيت، والصلوات الخمس، والزكاة؛ فإن الزكاة وإن كانت حقا ماليا فإنها واجبة لله، والأصناف الثمانية مصارفها؛ ولهذا وجبت فيها النية، ولم يجز أن يفعلها الغير عنه بلا إذنه، ولم تطلب من الكفار. وحقوق العباد لا يشترط لها النية، ولو أداها غيره عنه بغير إذنه برئت ذمته، ويطالب بها الكفار، وما يجب حقا لله تعالى كالكفارات هو بسبب من العبد، وفيها شوب العقوبات، فإن الواجب لله ثلاثة أنواع: عبادة محضة كالصلوات، وعقوبات محضة كالحدود، وما يشبهها كالكفارات، وكذلك كفارات الحج، وما يجب بالنذر فإن ذلك يجب بسبب فعل من العبد، وهو واجب في ذمته. وأما الزكاة فإنها تجب حقا لله في ماله؛ ولهذا يقال: ليس في المال حق سوى الزكاة، أي ليس فيه حق يجب بسبب المال سوى الزكاة، وإلا ففيه واجبات بغير سبب المال، كما تجب النفقات للأقارب، والزوجة، والرقيق والبهائم، ويجب حمل العاقلة، ويجب قضاء الديون، ويجب الإعطاء في النائبة، ويجب إطعام الجائع وكسوة العاري فرضا على الكفاية، إلى غير ذلك من الواجبات المالية، لكن بسبب عارض، والمال شرط وجوبها، كالاستطاعة في الحج، فإن البدن سبب الوجوب والاستطاعة شرط، والمال في الزكاة هو السبب والوجوب معه، حتى لو لم يكن في بلده من يستحقها حملها إلى بلد أخرى، وهي حق وجب لله تعالى؛ ولهذا قال من قال من الفقهاء: إن التكليف شرط فيها، فلا تجب على الصغير والمجنون، وأما عامة الصحابة والجمهور، كمالك والشافعي وأحمد، فأوجبوها في مال الصغير والمجنون؛ لأن مالهما من جنس مال غيرهما ووليهما يقوم مقامهما، بخلاف بدنهما، فإنه إنما يتصرف بعقلهما، وعقلهما ناقص. وصار هذا كما يجب العشر في أرضهما مع أنه إنما يستحقه الثمانية، وكذلك إيجاب الكفارة في مالهما، والصلاة والصيام. إنما تسقط لعجز العقل عن الإيجاب، لا سيما إذا انضم إلى عجز البدن كالصغير. وهذا المعنى منتف في المال فإن الولي قام مقامهما في الفهم كما يقوم مقامهما في جميع ما يجب في المال، وأما بدنهما فلا يجب عليهما فيه شيء. فصل قال محمد بن نصر: واستدلوا على أن الإيمان هو ما ذكره بالآيات التي تلوناها عند ذكر تسمية الله الصلاة وسائر الطاعات إيمانا، واستدلوا أيضا بما قص الله من إباء إبليس حين عصى ربه في سجدة واحدة أمر أن يسجدها لآدم فأباها. فهل جحد إبليس ربه وهو يقول: {رب بمآ أغويتني} [الحجر: 39] ويقول: {رب فأنظرني إلى يوم يبعثون} [الحجر: 36] إيمانا منه بالبعث، وإيمانا بنفاذ قدرته في إنظاره إياه إلى يوم يبعثون؟ وهل جحد أحدا من أنبيائه أو أنكر شيئا من سلطانه وهو يحلف بعزته؟ وهل كان كفره إلا بترك سجدة واحدة أمر بها فأباها؟ قال: واستدلوا أيضا بما قص الله علينا من نبأ ابني آدم {إذ قربا قربانا فتقبل من أحدهما ولم يتقبل من الآخر} إلى قوله: {فأصبح من الخاسرين} [المائدة: 27: 30] ، قالوا: وهل جحد ربه؟ وكيف يجحده وهو يقرب القربان؟ . قالوا: قال الله تعالى: {إنما يؤمن بآياتنا الذين إذا ذكروا بها خروا سجدا وسبحوا بحمد ربهم وهم لا يستكبرون} [السجدة: 15] ، ولم يقل: إذا ذكروا بها أقروا بها فقط، وقال: {الذين آتيناهم الكتاب يتلونه حق تلاوته أولئك يؤمنون به} [البقرة: 121] يعني: يتبعونه حق اتباعه؟
A4: 3 | B4: Çok yüksek (likely birebir) | C4: MF-V07-S08-P007 | D4: IMN-S00-P107 | E4: 0.96 | F4: 0.945 | G4: 0.02 | H4: 0 | I4: S: V07P298–V07P327 T: V01P007–V01P359 | J4: لأنه لا يستحق هذا الاسم عنده إلا من أدى ما وجب عليه وانتهى عما حرم عليه من الموجبات للنار التي هي الكبائر. قالوا: فلما أبان الله أن هذا الاسم يستحقه من قد استحق الجنة وأن الله قد أوجب الجنة عليه. وعلمنا أنا قد آمنا وصدقنا؛ لأنه لا يخرج من التصديق إلا بالتكذيب؛ ولسنا بشاكين ولا مكذبين؛ وعلمنا أنا عاصون له مستوجبون للعذاب وهو ضد الثواب الذي حكم الله به للمؤمنين على اسم الإيمان؛ علمنا أنا قد آمنا وأمسكنا عن الاسم الذي أثبت الله عليه الحكم في الجنة وهو من الله اسم ثناء وتزكية وقد نهانا الله أن نزكي أنفسنا وأمرنا بالخوف على أنفسنا وأوجب لنا العذاب بعصياننا فعلمنا أنا لسنا بمستحقين بأن نتسمى مؤمنين إذ أوجب الله على اسم الإيمان الثناء والتزكية والرأفة والرحمة والمغفرة والجنة؛ وأوجب على الكبائر النار وهذان حكمان متضادان. فإن قيل: فكيف أمسكتم عن اسم الإيمان أن تسموا به وأنتم تزعمون أن أصل الإيمان في قلوبكم وهو التصديق بأن الله حق وما قاله صدق؟ قالوا: إن الله ورسوله وجماهير المسلمين سموا الأشياء بما غلب عليها من الأسماء فسموا الزاني فاسقا والقاذف فاسقا وشارب الخمر فاسقا ولم يسموا واحدا من هؤلاء متقيا ولا ورعا؛ وقد أجمع المسلمون أن فيه أصل التقوى والورع وذلك أنه يتقي أن يكفر أو يشرك بالله شيئا. وكذلك يتقي الله أن يترك الغسل من الجنابة أو الصلاة ويتقي أن يأتي أمه فهو في جميع ذلك متق وقد أجمع المسلمون من الموافقين والمخالفين أنهم لا يسمونه متقيا ولا ورعا إذا كان يأتي بالفجور فلما أجمعوا أن أصل التقى والورع ثابت فيه وأنه قد يزيد فيه فرعا بعد الأصل كتورعه عن إتيان المحارم ثم لا يسمونه متقيا ولا ورعا مع إتيانه بعض الكبائر بل سموه فاسقا وفاجرا مع علمهم أنه قد أتى ببعض التقى والورع فمنعهم من ذلك أن اسم التقى اسم ثناء وتزكية وأن الله قد أوجب عليه المغفرة والجنة. قالوا: فلذلك لا نسميه مؤمنا ونسميه فاسقا زانيا. وإن كان في قلبه أصل اسم الإيمان لأن الإيمان اسم أثنى الله به على المؤمنين وزكاهم به وأوجب عليه الجنة فمن ثم قلنا: مسلم ولم نقل: مؤمن قالوا: ولو كان أحد من المسلمين الموحدين يستحق ألا يكون في قلبه إيمان ولا إسلام لكان أحق الناس بذلك أهل النار الذين دخلوها فلما وجدنا النبي صلى الله عليه وسلم يخبر أن الله يقول: {أخرجوا من النار من كان في قلبه مثقال ذرة من إيمان} ثبت أن شر المسلمين في قلبه إيمان ولما وجدنا الأمة تحكم عليه بالأحكام التي ألزمها الله للمسلمين ولا يكفرونهم ولا يشهدون لهم بالجنة: ثبت أنهم مسلمون إذ أجمعوا أن يمضوا عليهم أحكام المسلمين وأنهم لا يستحقون أن يسموا مؤمنين إذ كان الإسلام يثبت للملة التي يخرج بها الإنسان من جميع الملل فتزول عنه أسماء الملل إلا اسم الإسلام وتثبت أحكام الإسلام عليه وتزول عنه أحكام جميع الملل. فإن قال لهم قائل: لم لم تقولوا: كافر إن شاء الله تريدون به كمال الكفر كما قلتم: مؤمنون إن شاء الله تريدون به كمال الإيمان؟ قالوا: لأن الكافر منكر للحق والمؤمن أصل إيمانه الإقرار، والإنكار لا أول له ولا آخر فتنتظر به الحقائق والإيمان أصله التصديق والإقرار ينتظر به حقائق الأداء لما أقر والتحقيق لما صدق؛ ومثل ذلك كمثل رجلين عليهما حق لرجل فسأل أحدهما حقه فقال: ليس لك عندي حق فأنكر وجحد فلم يبق له منزلة يحقق بها ما قال إذا جحد وأنكر وسأل الآخر حقه فقال: نعم لك علي كذا وكذا فليس إقراره بالذي يصل إليه بذلك حقه دون أن يوفيه؛ فهو منتظر له أن يحقق ما قال بالأداء ويصدق إقراره بالوفاء ولو أقر ثم لم يؤد إليه حقه كان كمن جحده في المعنى إذ استويا في الترك للأداء فتحقيق ما قال أن يؤدي إليه حقه؛ فإن أدى جزءا منه حقق بعض ما قال ووفى ببعض ما أقر به. وكلما أدى جزءا ازداد تحقيقا لما أقر به. وعلى المؤمن الأداء أبدا بما أقر به حتى يموت. فمن ثم قلنا: مؤمن إن شاء الله ولم نقل: كافر إن شاء الله. | K4: قال: ثم أوجب الله النار على الكبائر، فدل بذلك على أن اسم الإيمان زائل عمن أتى كبيرة. قالوا: ولم نجده أوجب الجنة باسم الإسلام، فثبت أن اسم الإسلام له ثابت على حاله، واسم الإيمان زائل عنه. فإن قيل لهم في قولهم هذا: ليس الإيمان ضد الكفر، قالوا: الكفر ضد لأصل الإيمان، لأن للإيمان أصلا وفروعا، فلا يثبت الكفر حتى يزول أصل الإيمان الذي هو ضد الكفر، فإن قيل لهم: فالذين زعمتم أن النبي صلى الله عليه وسلم أزال عنهم اسم الإيمان، هل فيهم من الإيمان شيء؟ قالوا: نعم أصله ثابت، ولولا ذلك لكفروا، ألم تسمع إلى ابن مسعود أنكر على الذي شهد أنه مؤمن ثم قال: لكنا نؤمن بالله وملائكته وكتبه ورسله يخبرك أنه قد آمن من جهة أنه صدق، وأنه لا يستحق اسم المؤمن إذا كان يعلم أنه مقصر، لأنه لا يستحق هذا الاسم عنده إلا من أدى ما وجب عليه وانتهى عما حرم عليه من الموجبات للنار التي هي الكبائر. قالوا: فلما أبان الله أن هذا الاسم يستحقه من قد استحق الجنة، وأن الله قد أوجب الجنة عليه، وعلمنا أنا قد آمنا وصدقنا؛ لأنه لا يخرج من التصديق إلا بالتكذيب، ولسنا بشاكين ولا مكذبين، وعلمنا أنا عاصون له مستوجبون للعذاب وهو ضد الثواب الذي حكم الله به للمؤمنين على اسم الإيمان علمنا أنا قد آمنا وأمسكنا عن الاسم الذي أثبت الله عليه الحكم في الجنة وهو من الله اسم ثناء وتزكية، وقد نهانا الله أن نزكي أنفسنا، وأمرنا بالخوف على أنفسنا، وأوجب لنا العذاب بعصياننا، فعلمنا أنا لسنا بمستحقين بأن نتسمى مؤمنين؛ إذ أوجب الله على اسم الإيمان الثناء والتزكية والرأفة والرحمة والمغفرة والجنة، وأوجب على الكبائر النار، وهذان حكمان متضادان. فإن قيل: فكيف أمسكتم عن اسم الإيمان أن تسموا به، وأنتم تزعمون أن أصل الإيمان في قلوبكم وهو التصديق بأن الله حق، وما قاله صدق؟ قالوا: إن الله ورسوله وجماهير المسلمين سموا الأشياء بما غلب عليها من الأسماء، فسموا الزاني فاسقا، والقاذف فاسقا وشارب الخمر فاسقا، ولم يسموا واحدا من هؤلاء متقيا ولا ورعا، وقد أجمع المسلمون أن فيه أصل التقوى والورع، وذلك أنه يتقي أن يكفر أو يشرك بالله شيئا، وكذلك يتقي الله أن يترك الغسل من الجنابة أوالصلاة، ويتقي أن يأتي أمه، فهو في جميع ذلك متق، وقد أجمعالمسلمون من الموافقين والمخالفين أنهم لا يسمونه متقيا ولا ورعا إذا كان يأتي بالفجور، فلما أجمعوا أن أصل التقي والورع ثابت فيه، وأنه قد يزيد فيه فرعا بعد الأصل كتورعه عن إتيان المحارم، ثم لا يسمونه متقيا ولا ورعا مع إتيانه بعض الكبائر، بل سموه فاسقا وفاجرا مع علمهم أنه قد أتى ببعض التقى والورع، فمنعهم من ذلك أن اسم التقي اسم ثناء وتزكية، وأن الله قد أوجب عليه المغفرة والجنة. قالوا: فلذلك لا نسميه مؤمنا ونسميه فاسقا زانيا، وإن كان في قلبه أصل اسم الإيمان؛ لأن الإيمان اسم أثنى الله به على المؤمنين وزكاهم به وأوجب عليه الجنة، فمن ثم قلنا: مسلم، ولم نقل: مؤمن، قالوا: ولو كان أحد من المسلمين الموحدين يستحق ألا يكون في قلبه إيمان ولا إسلام، لكان أحق الناس بذلك أهل النار الذين دخلوها، فلما وجدنا النبي صلى الله عليه وسلم يخبر أن الله يقول: " أخرجوا من النار من كان في قلبه مثقال ذرة من إيمان "، ثبت أن شر المسلمين في قلبه إيمان، ولما وجدنا الأمة تحكم عليه بالأحكام التي ألزمها الله للمسلمين ولا يكفرونهم، ولا يشهدون لهم بالجنة، ثبت أنهم مسلمون؛ إذ أجمعوا أن يمضوا عليهم أحكام المسلمين، وأنهم لا يستحقون أن يسموا مؤمنين؛ إذ كان الإسلام يثبت للملة التي يخرج بها الإنسان من جميع الملل، فتزول عنه أسماء الملل إلا اسم الإسلام، وتثبت أحكام الإسلام عليه، وتزول عنه أحكام جميع الملل. فإن قال لهم قائل: لم لم تقولوا: كافر إن شاء الله، تريدون به كمال الكفر، كما قلتم: مؤمنون إن شاء الله تريدون به كمال الإيمان؟ قالوا: لأن الكافر منكر للحق، والمؤمن أصل إيمانه الإقرار، والإنكار لا أول له ولا آخر فتنتظر به الحقائق، والإيمان أصله التصديق، والإقرار ينتظر به حقائق الأداء لما أقر، والتحقيق لما صدق، ومثل ذلك كمثل رجلين عليهما حق لرجل، فسأل أحدهما حقه، فقال: ليس لك عندي حق، فأنكر وجحد فلم يبق له منزلة يحقق بها ما قال إذا جحد وأنكر، وسأل الآخر حقه فقال: نعم لك علي كذا وكذا، فليس إقراره بالذي يصل إليه بذلك حقه دون أن يوفيه، فهو منتظر له أن يحقق ما قال بالأداء ويصدق إقراره بالوفاء، ولو أقر ثم لم يؤد إليه حقه كان كمن جحده في المعنى إذ استويا في الترك للأداء، فتحقيق ما قال أن يؤدي إليه حقه، فإن أدى جزءا منه حقق بعض ما قال ووفى ببعض ما أقر به. وكلما أدى جزءا ازداد تحقيقا لما أقر به، وعلى المؤمن الأداء أبدا بما أقر به حتى يموت. فمن ثم قلنا: مؤمن إن شاء الله، ولم نقل: كافر إن شاء الله.
A5: 4 | B5: Çok yüksek (likely birebir) | C5: MF-V07-S09-P025 | D5: IMN-S00-P136 | E5: 0.964 | F5: 0.964 | G5: 0 | H5: 0 | I5: S: V07P328–V07P417 T: V01P007–V01P359 | J5: وسائر المرجئة وهو أن الشيء المركب إذا زال بعض أجزائه لزم زواله كله؛ لكن هو لم يذكر إلا ظاهر شبهتهم. والجواب عما ذكروه هو سهل فإنه يسلم له أن الهيئة الاجتماعية لم تبق مجتمعة كما كانت؛ لكن لا يلزم من زوال بعضها زوال سائر الأجزاء. والشافعي مع الصحابة والتابعين وسائر السلف يقولون: إن الذنب يقدح في كمال الإيمان ولهذا نفى الشارع الإيمان عن هؤلاء فذلك المجموع الذي هو الإيمان لم يبق مجموعا مع الذنوب لكن يقولون بقي بعضه: إما أصل وإما أكثره وإما غير ذلك فيعود الكلام إلى أنه يذهب بعضه ويبقى بعضه. ولهذا كانت المرجئة تنفر من لفظ النقص أعظم من نفورها من لفظ الزيادة؛ لأنه إذا نقص لزم ذهابه كله عندهم إن كان متبعضا متعددا عند من يقول بذلك وهم الخوارج والمعتزلة. وإما الجهمية فهو واحد عندهم لا يقبل التعدد؛ فيثبتون واحدا لا حقيقة له؛ كما قالوا مثل ذلك في وحدانية الرب ووحدانية صفاته عند من أثبتها منهم ومن العجب أن الأصل الذي أوقعهم في هذا اعتقادهم أنه لا يجتمع في الإنسان بعض الإيمان وبعض الكفر أو ما هو إيمان وما هو كفر واعتقدوا أن هذا متفق عليه بين المسلمين كما ذكر ذلك أبو الحسن وغيره فلأجل اعتقادهم هذا الإجماع وقعوا فيما هو مخالف للإجماع الحقيقي إجماع السلف الذي ذكره غير واحد من الأئمة؛ بل وصرح غير واحد منهم بكفر من قال بقول جهم في الإيمان. ولهذا نظائر متعددة؛ يقول الإنسان قولا مخالفا للنص والإجماع القديم حقيقة ويكون معتقدا أنه متمسك بالنص والإجماع. وهذا إذا كان مبلغ علمه واجتهاده؛ فالله يثيبه على ما أطاع الله فيه من اجتهاده ويغفر له ما عجز عن معرفته من الصواب الباطن وهم لما توهموا أن الإيمان الواجب على جميع الناس نوع واحد؛ صار بعضهم يظن أن ذلك النوع من حيث هو لا يقبل التفاضل. فقال لي مرة بعضهم: الإيمان من حيث هو إيمان لا يقبل الزيادة والنقصان. فقلت له: قولك من حيث هو؛ كما تقول: الإنسان من حيث هو إنسان والحيوان من حيث هو حيوان والوجود من حيث هو وجود والسواد من حيث هو سواد وأمثال ذلك لا يقبل الزيادة والنقصان والصفات؛ فتثبت لهذه المسميات وجودا مطلقا مجردا عن جميع القيود والصفات وهذا لا حقيقة له في الخارج وإنما هو شيء يقدره الإنسان في ذهنه كما يقدر موجودا لا قديما ولا حادثا ولا قائما بنفسه ولا بغيره ويقدر إنسانا لا موجودا ولا معدوما ويقول: الماهية من حيث هي هي لا توصف بوجود ولا عدم والماهية من حيث هي هي شيء يقدره الذهن وذلك موجود في الذهن لا في الخارج. وأما تقدير شيء لا يكون في الذهن ولا في الخارج فممتنع وهذا التقدير لا يكون إلا في الذهن كسائر تقدير الأمور الممتنعة؛ مثل تقدير صدور العالم عن صانعين ونحو ذلك؛ فإن هذه المقدرات في الذهن. فهكذا تقدير إيمان لا يتصف به مؤمن؛ بل هو مجرد عن كل قيد. وتقدير إنسان لا يكون موجودا ولا معدوما؛ بل ما ثم إيمان إلا مع المؤمنين ولا ثم إنسانية إلا ما اتصف بها الإنسان؛ فكل إنسان له إنسانية تخصه وكل مؤمن له إيمان يخصه؛ فإنسانية زيد تشبه إنسانية عمر وليست هي هي. وإذا اشتركوا في نوع الإنسانية فمعنى ذلك أنهما يشتبهان فيما يوجد في الخارج ويشتركان في أمر كلي مطلق يكون في الذهن. وكذلك إذا قيل: إيمان زيد مثل إيمان عمرو؛ فإيمان كل واحد يخصه. فلو قدر أن الإيمان يتماثل لكان لكل مؤمن إيمان يخصه وذلك الإيمان مختص معين ليس هو الإيمان من حيث هو هو؛ بل هو إيمان معين وذلك الإيمان يقبل الزيادة. والذين ينفون التفاضل في هذه الأمور يتصورون في أنفسهم إيمانا مطلقا أو إنسانا مطلقا أو وجودا مطلقا مجردا عن جميع الصفات المعينة له ثم يظنون أن هذا هو الإيمان الموجود في الناس وذلك لا يقبل التفاضل ولا يقبل في نفسه التعدد؛ إذ هو تصور معين قائم في نفس متصوره. ولهذا يظن كثير من هؤلاء أن الأمور المشتركة في شيء واحد هي واحدة بالشخص والعين. حتى انتهى الأمر بطائفة من علمائهم علما وعبادة إلى أن جعلوا الوجود كذلك؛ فتصوروا أن الموجودات مشتركة في مسمى الوجود وتصوروا هذا في أنفسهم فظنوه في الخارج كما هو في أنفسهم ثم ظنوا أنه الله؛ فجعلوا الرب هو هذا الوجود الذي لا يوجد قط إلا في نفس متصوره؛ ولا يكون في الخارج. | K5: والشافعي مع الصحابة والتابعين وسائر السلف يقولون: إن الذنب يقدح في كمال الإيمان، ولهذا نفى الشارع الإيمان عن هؤلاء، فذلك المجموع الذي هو الإيمان لم يبق مجموعا مع الذنوب، لكن يقولون بقى بعضه؛ إما أصله وإما أكثره وإما غير ذلك، فيعود الكلام إلى أنه يذهب بعضه ويبقى بعضه. ولهذا كانت المرجئة تنفر من لفظ النقص أعظم من نفورها من لفظ الزيادة؛ لأنه إذا نقص لزم ذهابه كله عندهم إن كان متبعضا متعددا عند من يقول بذلك، وهم الخوارج والمعتزلة. وأما الجهمية فهو واحد عندهم لا يقبل التعدد، فيثبتون واحدا لا حقيقة له، كما قالوا مثل ذلك في وحدانية الرب ووحدانية صفاته عند من أثبتها منهم. ومن العجب أن الأصل الذي أوقعهم في هذا، اعتقادهم أنه لا يجتمع في الإنسان بعض الإيمان وبعض الكفر، أو ما هو إيمان وما هو كفر، واعتقدوا أن هذا متفق عليه بين المسلمين كما ذكر ذلك أبو الحسن وغيره، فلأجل اعتقادهم هذا الإجماع وقعوا فيما هو مخالف للإجماع الحقيقي، إجماعالسلف الذي ذكره غير واحد من الأئمة بل وصرح غير واحد منهم بكفر من قال بقول جهم في الإيمان. ولهذا نظائر متعددة، يقول الإنسان قولا مخالفا للنص والإجماع القديم حقيقة، ويكون معتقدا أنه متمسك بالنص والإجماع. وهذا إذا كان مبلغ علمه واجتهاده، فالله يثيبه على ما أطاع الله فيه من اجتهاده، ويغفر له ما عجز عن معرفته من الصواب الباطن، وهم لما توهموا أن الإيمان الواجب على جميع الناس نوع واحد، صار بعضهم يظن أن ذلك النوع من حيث هو لا يقبل التفاضل. فقال لي مرة بعضهم: الإيمان من حيث هو إيمان لا يقبل الزيادة والنقصان. فقلت له: قولك من حيث هو، كما تقول: الإنسان من حيث هو إنسان، والحيوان من حيث هو حيوان، والوجود من حيث هو وجود، والسواد من حيث هو سواد، وأمثال ذلك لا يقبل الزيادة والنقصان والصفات، فتثبت لهذه المسميات وجودا مطلقا مجردا عن جميع القيود والصفات وهذا لا حقيقة له في الخارج، وإنما هو شيء يقدره الإنسان في ذهنه، كما يقدر موجودا لا قديما ولا حادثا ولا قائما بنفسه ولا بغيره، ويقدر إنسانا لا موجودا ولا معدوما، ويقول: الماهية من حيث هي هي لا توصف بوجود ولا عدم، والماهية من حيث هي هي شيء يقدره الذهن، وذلك موجود في الذهن لا في الخارج، وأما تقدير شيء لا يكون في الذهن ولا في الخارج فممتنع، وهذا التقدير لا يكون إلا في الذهن كسائر تقدير الأمور الممتنعة، مثل تقدير صدور العالم عن صانعين ونحو ذلك، فإن هذه المقدرات في الذهن. فهكذا تقدير إيمان لا يتصف به مؤمن، بل هو مجرد عن كل قيد. وتقدير إنسان لا يكون موجودا ولا معدوما، بل ما ثم إيمان إلا مع المؤمنين، ولا ثم إنسانية إلا ما اتصف بها الإنسان، فكل إنسان له إنسانية تخصه، وكل مؤمن له إيمان يخصه، فإنسانية زيد تشبه إنسانية عمرو، ليست هي هي. وإذا اشتركوا في نوع الإنسانية فمعنى ذلك أنهما يشتبهان فيما يوجد في الخارج، ويشتركان في أمر كلي مطلق يكون في الذهن. وكذلك إذا قيل: إيمان زيد مثل إيمان عمرو، فإيمان كل واحد يخصه، فلو قدر أن الإيمان يتماثل لكان لكل مؤمن إيمان يخصه، وذلك الإيمان مختص معين ليس هو الإيمان من حيث هو هو، بل هو إيمان معين، وذلك الإيمان يقبل الزيادة، والذين ينفون التفاضل في هذه الأمور يتصورون في أنفسهم إيمانا مطلقا أو إنسانا مطلقا، أو وجودا مطلقا مجردا عن جميع الصفات المعينة له ثم يظنون أن هذا هو الإيمان الموجود في الناس. وذلك لا يقبل التفاضل ولا يقبل في نفسه التعدد، إذ هو تصور معين قائم في نفس متصوره. ولهذا يظن ثير من هؤلاء أن الأمور المشتركة في شيء واحد هي واحدة بالشخص والعين، حتى انتهى الأمر بطائفة من علمائهم علما وعبادة إلى أن جعلوا الوجود كذلك، فتصوروا أن الموجودات مشتركة في مسمى الوجود، وتصوروا هذا في أنفسهم، فظنوه في الخارج كما هو في أنفسهم، ثم ظنوا أنه الله، فجعلوا الرب هو هذا الوجود الذي لا يوجد قط إلا في نفس متصوره، ولا يكون في الخارج.
A6: 5 | B6: Çok yüksek (likely birebir) | C6: MF-V07-S07-P008 | D6: IMN-S00-P095 | E6: 0.968 | F6: 0.934 | G6: 0.03 | H6: 0 | I6: S: V07P259–V07P297 T: V01P007–V01P359 | J6: قالها لذهب عنه ما يجد أعوذ بالله من الشيطان الرجيم} فأمر سبحانه بالاستعاذة عند طلب العبد الخير لئلا يعوقه الشيطان عنه؛ وعند ما يعرض عليه من الشر ليدفعه عنه عند إرادة العبد للحسنات؛ وعند ما يأمره الشيطان بالسيئات. ولهذا قال النبي صلى الله عليه وسلم {لا يزال الشيطان يأتي أحدكم فيقول: من خلق كذا؟ من خلق كذا؟ حتى يقول: من خلق الله؟ فمن وجد ذلك فليستعذ بالله ولينته} فأمر بالاستعاذة عندما يطلب الشيطان أن يوقعه في شر أو يمنعه من خير؛ كما يفعل العدو مع عدوه. وكلما كان الإنسان أعظم رغبة في العلم والعبادة وأقدر على ذلك من غيره بحيث تكون قوته على ذلك أقوى ورغبته وإرادته في ذلك أتم؛ كان ما يحصل له إن سلمه الله من الشيطان أعظم؛ وكان ما يفتتن به إن تمكن منه الشيطان أعظم. ولهذا قال الشعبي: كل أمة علماؤها شرارها إلا المسلمين فإن علماءهم خيارهم. وأهل السنة في الإسلام؛ كأهل الإسلام في الملل؛ وذلك أن كل أمة غير المسلمين فهم ضالون وإنما يضلهم علماؤهم؛ فعلماؤهم شرارهم والمسلمون على هدى وإنما يتبين الهدى بعلمائهم فعلماؤهم خيارهم؛ وكذلك أهل السنة أئمتهم خيار الأمة وأئمة أهل البدع أضر على الأمة من أهل الذنوب. ولهذا أمر النبي صلى الله عليه وسلم بقتل الخوارج؛ ونهى عن قتال الولاة الظلمة؛ وأولئك لهم نهمة في العلم والعبادة؛ فصار يعرض لهم من الوساوس التي تضلهم - وهم يظنونها هدى فيطيعونها - ما لا يعرض لغيرهم ومن سلم من ذلك منهم كان من أئمة المتقين مصابيح الهدى وينابيع العلم؛ كما قال ابن مسعود لأصحابه: كونوا ينابيع العلم مصابيح الحكمة سرج الليل؛ جدد القلوب أحلاس البيوت خلقان الثياب؛ تعرفون في أهل السماء وتخفون على أهل الأرض. فصل: ومما ينبغي أن يعلم أن الألفاظ الموجودة في القرآن والحديث إذا عرف تفسيرها وما أريد بها من جهة النبي صلى الله عليه وسلم لم يحتج في ذلك إلى الاستدلال بأقوال أهل اللغة ولا غيرهم؛ ولهذا قال الفقهاء: " الأسماء ثلاثة أنواع " نوع يعرف حده بالشرع كالصلاة والزكاة؛ ونوع يعرف حده باللغة كالشمس والقمر؛ ونوع يعرف حده بالعرف كلفظ القبض ولفظ المعروف في قوله: {وعاشروهن بالمعروف} ونحو ذلك. وروي عن ابن عباس أنه قال: تفسير القرآن على أربعة أوجه: تفسير تعرفه العرب من كلامها وتفسير لا يعذر أحد بجهالته وتفسير يعلمه العلماء وتفسير لا يعلمه إلا الله من ادعى علمه فهو كاذب. فاسم الصلاة والزكاة والصيام والحج ونحو ذلك قد بين الرسول صلى الله عليه وسلم ما يراد بها في كلام الله ورسوله وكذلك لفظ الخمر وغيرها ومن هناك يعرف معناها فلو أراد أحد أن يفسرها بغير ما بينه النبي صلى الله عليه وسلم لم يقبل منه وأما الكلام في اشتقاقها ووجه دلالتها فذاك من جنس علم البيان. وتعليل الأحكام هو زيادة في العلم وبيان حكمة ألفاظ القرآن؛ لكن معرفة المراد بها لا يتوقف على هذا. واسم الإيمان والإسلام والنفاق والكفر هي أعظم من هذا كله؛ فالنبي صلى الله عليه وسلم قد بين المراد بهذه الألفاظ بيانا لا يحتاج معه إلى الاستدلال على ذلك بالاشتقاق وشواهد استعمال العرب ونحو ذلك؛ فلهذا يجب الرجوع في مسميات هذه الأسماء إلى بيان الله ورسوله فإنه شاف كاف؛ بل معاني هذه الأسماء معلومة من حيث الجملة للخاصة والعامة بل كل من تأمل ما تقوله الخوارج والمرجئة في معنى الإيمان علم بالاضطرار أنه مخالف للرسول ويعلم بالاضطرار أن طاعة الله ورسوله من تمام الإيمان وأنه لم يكن يجعل كل من أذنب ذنبا كافرا ويعلم أنه لو قدر أن قوما قالوا للنبي صلى الله عليه وسلم نحن نؤمن بما جئتنا به بقلوبنا من غير شك؛ ونقر بألسنتنا بالشهادتين إلا أنا لا نطيعك في شيء مما أمرت به ونهيت عنه فلا نصلي ولا نصوم ولا نحج ولا نصدق الحديث ولا نؤدي الأمانة ولا نفي بالعهد ولا نصل الرحم ولا نفعل شيئا من الخير الذي أمرت به ونشرب الخمر؛ وننكح ذوات المحارم بالزنا الظاهر ونقتل من قدرنا عليه من أصحابك وأمتك ونأخذ أموالهم بل نقتلك أيضا ونقاتلك مع أعدائك؛ هل كان يتوهم عاقل أن النبي صلى الله عليه وسلم يقول لهم: أنتم مؤمنون كاملو الإيمان وأنتم من أهل شفاعتي يوم القيامة ويرجى لكم ألا يدخل أحد منكم النار بل كل مسلم يعلم بالاضطرار أنه يقول لهم: أنتم أكفر الناس بما جئت به ويضرب رقابهم إن لم يتوبوا من ذلك. وكذلك كل مسلم يعلم أن شارب الخمر والزاني والقاذف والسارق لم يكن النبي صلى الله عليه وسلم يجعلهم مرتدين يجب قتلهم بل القرآن والنقل المتواتر عنه يبين أن هؤلاء لهم عقوبات غير عقوبة المرتد عن الإسلام | K6: وفي الصحيحين عن النبي صلى الله عليه وسلم أنه قال: " إني لأعلم كلمة لو قالها لذهب عنه ما يجد: أعوذ بالله من الشيطان الرجيم ". فأمر سبحانه بالاستعاذة عند طلب العبد الخير؛ لئلا يعوقه الشيطان عنه، وعندما يعرض عليه من الشر ليدفعه عنه عند إرادة العبد للحسنات، وعند ما يأمره الشيطان بالسيئات؛ ولهذا قال النبي صلى الله عليه وسلم: " لا يزال الشيطان يأتي أحدكم فيقول: من خلق كذا؟ من خلق كذا؟ حتى يقول: من خلق الله؟ فمن وجد ذلك فليستعذ بالله ولينته "، فأمر بالاستعاذة عندما يطلب الشيطان أن يوقعه في شر أو يمنعه من خير، كما يفعل العدو مع عدوه. وكلما كان الإنسان أعظم رغبة في العلم والعبادة، وأقدر على ذلك من غيره بحيث تكون قوته على ذلك أقوى، ورغبته وإرادته في ذلك أتم، كان ما يحصل له إن سلمه الله من الشيطان أعظم، وكان ما يفتتن به إن تمكن منه الشيطان أعظم؛ ولهذا قال الشعبي: كل أمة علماؤها شرارها، إلا المسلمين فإن علماءهم خيارهم. وأهل السنة في الإسلام، كأهل الإسلام في الملل، وذلك أن كل أمة غير المسلمين فهم ضالون، وإنما يضلهم علماؤهم؛ فعلماؤهم شرارهم، والمسلمون على هدى، وإنما يتبين الهدى بعلمائهم، فعلماؤهم خيارهم، وكذلك أهل السنة، أئمتهم خيار الأمة، وأئمة أهل البدع أضر على الأمة من أهل الذنوب، ولهذا أمر النبي صلىالله عليه وسلم بقتل الخوارج، ونهى عن قتال الولاة الظلمة؛ وأولئك لهمنهمة في العلم والعبادة، فصار يعرض لهم من الوساوس التي تضلهم وهم يظنونها هدي، فيطيعونها ما لا يعرض لغيرهم، ومن سلم من ذلك منهم كان من أئمة المتقين مصابيح الهدى، وينابيع العلم؛ كما قال ابن مسعود لأصحابه: كونوا ينابيع العلم، مصابيح الحكمة، سرج الليل، جدد القلوب، أحلاس البيوت، خلقان الثياب، تعرفون في أهل السماء، وتخفون على أهل الأرض. فصل ومما ينبغي أن يعلم: أن الألفاظ الموجودة في القرآن والحديث، إذا عرف تفسيرها وما أريد بها من جهة النبي صلى الله عليه وسلم لم يحتج في ذلك إلى الاستدلال بأقوال أهل اللغة ولا غيرهم؛ ولهذا قال الفقهاء: [الأسماء ثلاثة أنواع] نوع يعرف حده بالشرع؛ كالصلاة والزكاة. ونوع يعرف حده باللغة؛ كالشمس والقمر. ونوع يعرف حده بالعرف كلفظ القبض، ولفظ المعروف في قوله: {وعاشروهن بالمعروف} [النساء: 19] ، ونحو ذلك. وروي عن ابن عباس أنه قال: تفسير القرآن على أربعة أوجه: تفسير تعرفه العرب من كلامها، وتفسير لا يعذر أحد بجهالته، وتفسير يعلمه العلماء، وتفسير لا يعلمه إلا الله، من ادعي علمه فهو كاذب. فاسم الصلاة والزكاة والصيام والحج ونحو ذلك، قد بين الرسول صلى الله عليه وسلم ما يراد بها في كلام الله ورسوله، وكذلك لفظ الخمر وغيرها، ومن هناك يعرف معناها، فلو أراد أحد أن يفسرها بغير ما بينه النبي صلى الله عليه وسلم لم يقبل منه، وأما الكلام في اشتقاقها ووجه دلالتها، فذاك من جنس علم البيان. وتعليل الأحكام، هو زيادة في العلم، وبيان حكمة ألفاظ القرآن؛ لكن معرفة المراد بها لا يتوقف على هذا. واسم الإيمان والإسلام والنفاق والكفر، هي أعظم من هذا كله، فالنبي صلى الله عليه وسلم قد بين المراد بهذه الألفاظ بيانا لا يحتاج معه إلى الاستدلال على ذلك بالاشتقاق وشواهد استعمال العرب ونحو ذلك؛ فلهذا يجب الرجوع في مسميات هذه الأسماء إلى بيان الله ورسوله، فإنه شاف كاف، بل معاني هذه الأسماء معلومة من حيث الجملة للخاصة والعامة، بل كل من تأمل ما تقوله الخوارج والمرجئة في معنى الإيمان، علم بالاضطرار أنه مخالف للرسول، ويعلم بالاضطرار أن طاعة الله ورسوله من تمام الإيمان، وأنه لم يكن يجعل كل من أذنب ذنبا كافرا، ويعلم أنه لو قدر أن قوما قالوا للنبي صلى الله عليه وسلم: نحن نؤمن بما جئتنا به بقلوبنا من غير شك، ونقر بألسنتنا بالشهادتين، إلا أنا لا نطيعك في شيء مما أمرت به ونهيت عنه، فلا نصلي ولا نصوم ولا نحج، ولا نصدق الحديث، ولا نؤدي الأمانة، ولا نفي بالعهد، ولا نصل الرحم، ولا نفعل شيئا من الخير الذي أمرت به، ونشرب الخمر؛ وننكح ذوات المحارم بالزنا الظاهر، ونقتل من قدرنا عليه من أصحابك وأمتك، ونأخذ أموالهم، بل نقتلك أيضا ونقاتلك مع أعدائك، هل كان يتوهم عاقل أن النبي صلى الله عليه وسلم يقول لهم: أنتم مؤمنون كاملو الإيمان، وأنتم من أهل شفاعتي يوم القيامة، ويرجى لكم ألا يدخل أحد منكم النار، بل كل مسلم يعلم بالاضطرار أنه يقول لهم: أنتم أكفر الناس بما جئت به، ويضرب رقابهم إن لم يتوبوا من ذلك.
A7: 6 | B7: Yüksek (büyük ihtimal düzenlenmiş tekrar) | C7: MF-V07-S06-P004 | D7: IMN-S00-P069 | E7: 0.911 | F7: 0.732 | G7: 0.2 | H7: 0.12 | I7: S: V07P195–V07P258 T: V01P007–V01P359 | J7: أهل الإرجاء بآية أحج من قوله: {وما أمروا إلا ليعبدوا الله مخلصين له الدين حنفاء ويقيموا الصلاة ويؤتوا الزكاة وذلك دين القيمة} . وقال الشافعي رضي الله عنه في كتاب " الأم " في (باب النية في الصلاة: يحتج بأن لا تجزئ صلاة إلا بنية بحديث عمر بن الخطاب رضي الله عنه عن النبي صلى الله عليه وسلم " {إنما الأعمال بالنيات} " ثم قال: وكان الإجماع من الصحابة والتابعين من بعدهم ومن أدركناهم يقولون: الإيمان قول وعمل ونية لا يجزئ واحد من الثلاث إلا بالآخر. وقال حنبل: حدثنا الحميدي قال: وأخبرت أن ناسا يقولون: من أقر بالصلاة والزكاة والصوم والحج ولم يفعل من ذلك شيئا حتى يموت ويصلي مستدبر القبلة حتى يموت؛ فهو مؤمن ما لم يكن جاحدا إذا علم أن تركه ذلك فيه إيمانه إذا كان مقرا بالفرائض واستقبال القبلة فقلت: هذا الكفر الصراح وخلاف كتاب الله وسنة رسوله وعلماء المسلمين. قال الله تعالى: {وما أمروا إلا ليعبدوا الله مخلصين له الدين} الآية. وقال حنبل: سمعت أبا عبد الله أحمد بن حنبل يقول: من قال هذا فقد كفر بالله ورد على أمره وعلى الرسول ما جاء به عن الله. قلت: وأما احتجاجهم بقوله للأمة " {أعتقها فإنها مؤمنة} " فهو من حججهم المشهورة وبه احتج ابن كلاب وكان يقول: الإيمان هو التصديق والقول جميعا فكان قوله أقرب من قول جهم وأتباعه وهذا لا حجة فيه؛ لأن الإيمان الظاهر الذي تجري عليه الأحكام في الدنيا لا يستلزم الإيمان في الباطن الذي يكون صاحبه من أهل السعادة في الآخرة فإن المنافقين الذين قالوا: {آمنا بالله وباليوم الآخر وما هم بمؤمنين} هم في الظاهر مؤمنون يصلون مع الناس. ويصومون ويحجون ويغزون والمسلمون يناكحونهم ويوارثونهم كما كان المنافقون على عهد رسول الله صلى الله عليه وسلم ولم يحكم النبي صلى الله عليه وسلم في المنافقين بحكم الكفار المظهرين للكفر لا في مناكحتهم ولا موارثتهم ولا نحو ذلك؛ بل لما مات عبد الله بن أبي ابن سلول - وهو من أشهر الناس بالنفاق - ورثه ابنه عبد الله وهو من خيار المؤمنين وكذلك سائر من كان يموت منهم يرثه ورثته المؤمنون؛ وإذا مات لأحدهم. وارث ورثوه مع المسلمين. وقد تنازع الفقهاء في المنافق الزنديق الذي يكتم زندقته هل يرث ويورث؟ على قولين والصحيح أنه يرث ويورث وإن علم في الباطن أنه منافق كما كان الصحابة على عهد النبي صلى الله عليه وسلم لأن الميراث مبناه على الموالاة الظاهرة لا على المحبة التي في القلوب فإنه لو علق بذلك لم تمكن معرفته والحكمة إذا كانت خفية أو منتشرة علق الحكم بمظنتها وهو ما أظهره من موالاة المسلمين؛ فقول النبي صلى الله عليه وسلم {لا يرث المسلم الكافر ولا الكافر المسلم} " لم يدخل فيه المنافقون وإن كانوا في الآخرة في الدرك الأسفل من النار؛ بل كانوا يورثون ويرثون؛ وكذلك كانوا في الحقوق والحدود كسائر المسلمين وقد أخبر الله عنهم أنهم يصلون ويزكون ومع هذا لم يقبل ذلك منهم فقال: {وما منعهم أن تقبل منهم نفقاتهم إلا أنهم كفروا بالله وبرسوله ولا يأتون الصلاة إلا وهم كسالى ولا ينفقون إلا وهم كارهون} وقال {إن المنافقين يخادعون الله وهو خادعهم وإذا قاموا إلى الصلاة قاموا كسالى يراءون الناس ولا يذكرون الله إلا قليلا} . وفي " صحيح مسلم " عن النبي صلى الله عليه وسلم قال: " {تلك صلاة المنافق تلك صلاة المنافق تلك صلاة المنافق يرقب الشمس حتى إذا كانت بين قرني شيطان قام فنقر أربعا لا يذكر الله فيها إلا قليلا} " وكانوا يخرجون مع النبي صلى الله عليه وسلم في المغازي كما خرج ابن أبي في غزوة بني المصطلق وقال فيها: {لئن رجعنا إلى المدينة ليخرجن الأعز منها الأذل} . " وفي الصحيحين " عن {زيد بن أرقم قال: خرجنا مع النبي صلى الله عليه وسلم في سفر أصاب الناس فيها شدة؛ فقال عبد الله بن أبي لأصحابه: لا تنفقوا على من عند رسول الله حتى ينفضوا من حوله. وقال: {لئن رجعنا إلى المدينة ليخرجن الأعز منها الأذل} فأتيت النبي صلى الله عليه وسلم فأخبرته فأرسل إلى عبد الله بن أبي؛ فسأله فاجتهد يمينه ما فعل وقالوا: كذب زيد يا رسول الله فوقع في نفسي مما قالوا شدة حتى أنزل الله تصديقي في {إذا جاءك المنافقون} فدعاهم النبي صلى الله عليه وسلم ليستغفر لهم فلووا رءوسهم. وفي غزوة تبوك استنفرهم النبي صلى الله عليه وسلم كما استنفر غيرهم فخرج بعضهم معه وبعضهم تخلفوا وكان في الذين خرجوا معه من هم بقتله في الطريق هموا بحل حزام | K7: أخذ الشافعي هذه الحجة عن عطاء. فروى ابن أبي حاتم في مناقب الشافعي: حدثنا أبي، حدثنا ميمون، حدثنا أبو عثمان بن الشافعي، سمعت أبي يقول ليلة للحميدي: ما يحتج عليهم يعني أهل الإرجاء بآية أحج من قوله: {وما أمروا إلا ليعبدوا الله مخلصين له الدين حنفاء ويقيموا الصلاة ويؤتوا الزكاة وذلك دين القيمة} [البينة: 5] . وقال الشافعي رضي الله عنه في كتاب [الأم] في [باب النية في الصلاة] : يحتج بألا تجزئ صلاة إلا بنية بحديث عمر بن الخطاب رضي الله عنه عن النبي صلى الله عليه وسلم: " إنما الأعمال بالنيات " ثم قال: وكان الإجماع من الصحابة، والتابعين من بعدهم، ومن أدركناهم يقولون: الإيمان قول وعمل ونية، لا يجزئ واحد من الثلاث إلا بالآخر. وقال حنبل: حدثنا الحميدي قال: وأخبرت أن ناسا يقولون: من أقر بالصلاة والزكاة والصوم والحج ولم يفعل من ذلك شيئا حتى يموت، ويصلي مستدبر القبلة حتى يموت، فهو مؤمن ما لم يكن جاحدا إذا علم أن تركه ذلك فيه إيمانه إذا كان مقرا بالفرائض واستقبال القبلة، فقلت: هذا الكفر الصراح، وخلاف كتاب الله وسنة رسوله وعلماء المسلمين، قال الله تعالى: {وما أمروا إلا ليعبدوا الله مخلصين له الدين} الآية. وقال حنبل: سمعت أبا عبد الله أحمد بن حنبل يقول: من قال هذا فقد كفر بالله، ورد على أمره وعلى الرسول ما جاء به عن الله. قلت: وأما احتجاجهم بقوله للأمة: " اعتقها فإنها مؤمنة " فهو من حججهم المشهورة، وبه احتج ابن كلاب، وكان يقول: الإيمان هو التصديق والقول جميعا، فكان قوله أقرب من قول جهم وأتباعه، وهذا لا حجة فيه؛ لأن الإيمان الظاهر الذي تجري عليه الأحكام في الدنيا لا يستلزم الإيمان في الباطن الذي يكون صاحبه من أهل السعادة في الآخرة، فإن المنافقين الذين قالوا: {آمنا بالله وباليوم الآخر وما هم بمؤمنين} [البقرة: 8] هم في الظاهر مؤمنون يصلون مع الناس، ويصومون ويحجون ويغزون، والمسلمون يناكحونهم ويوارثونهم كما كان المنافقون في عهد رسول الله صلىالله عليه وسلم، ولم يحكم النبي صلىالله عليه وسلم في المنافقين بحكم الكفار المظهرين للكفر، لا في مناكحتهم ولا موارثتهم ولا نحو ذلك، بل لما مات عبد الله بن أبي بن سلول وهو من أشهر الناس بالنفاق ورثه ابنه عبد الله وهو من خيار المؤمنين، وكذلك سائر من كان يموت منهم يرثه ورثته المؤمنون، وإذا مات لأحدهم وارث ورثوه مع المسلمين. وقد تنازع الفقهاء في المنافق الزنديق الذي يكتم زندقته، هل يرث ويورث؟ على قولين، والصحيح: أنه يرث ويورث وإن علم في الباطن أنه منافق، كما كان الصحابة على عهد النبي صلىالله عليه وسلم؛ لأن الميراث مبناه على الموالاة الظاهرة، لا على المحبة التي في القلوب، فإنه لو علق بذلك لم تمكن معرفته، والحكمة إذا كانت خفية أو منتشرة علق الحكم بمظنتها، وهو ما أظهره من موالاة المسلمين فقول النبي صلىالله عليه وسلم: " لا يرث المسلم الكافر ولا الكافر المسلم " لم يدخل فيه المنافقون وإن كانوا في الآخرة في الدرك الأسفل من النار، بل كانوا يورثون ويرثون، وكذلك كانوا في الحقوق والحدود كسائر المسلمين، وقد أخبر الله عنهم أنهم يصلون ويزكون ومع هذا لم يقبل ذلك منهم فقال: {وما منعهم أن تقبل منهم نفقاتهم إلا أنهم كفروا بالله وبرسوله ولا يأتون الصلاة إلا وهم كسالى ولا ينفقون إلا وهم كارهون} [التوبة: 54] ، وقال: {إن المنافقين يخادعون الله وهو خادعهم وإذا قاموا إلى الصلاة قاموا كسالى يرآؤون الناس ولا يذكرون الله إلا قليلا} [النساء: 142] . وفي صحيح مسلم عن النبي صلى الله عليه وسلم قال: " تلك صلاة المنافق، تلك صلاة المنافق، تلك صلاة المنافق، يرقب الشمس حتى إذا كانت بين قرني شيطان قام فنقر أربعا لا يذكر الله فيها إلا قليلا "، وكانوا يخرجون مع النبي صلىالله عليه وسلم في المغازي، كما خرج ابن أبي في غزوة بني المصطلق، وقال فيها: {لئن رجعنا إلى المدينة ليخرجن الأعز منها الأذل} [المنافقون: 8] . وفي الصحيحين عن زيد بن أرقم قال: خرجنا مع النبي صلى الله عليه وسلم في سفر أصاب الناس فيها شدة، فقال عبد الله بن أبي لأصحابه: لا تنفقوا على من عند رسول الله حتى ينفضوا من حوله، وقال: {لئن رجعنا إلى المدينة ليخرجن الأعز منها الأذل} ، فأتيت النبي صلى الله عليه وسلم فأخبرته، فأرسل إلى عبد الله بن أبي، فسأله فاجتهد يمينه ما فعل، وقالوا: كذب زيد يا رسول الله، فوقع في نفسي مما قالوا شدة، حتى أنزل الله تصديقي في {إذا جاءك المنافقون} ، فدعاهم النبي صلى الله عليه وسلم ليستغفر لهم، فلووا رؤوسهم. وفي غزوة تبوك استنفرهم النبي صلى الله عليه وسلم كما استنفر غيرهم، فخرج بعضهم معه وبعضهم تخلفوا، وكان في الذين خرجوا معه من هم بقتله في الطريق، هموا بحل حزام ناقته ليقع في واد هناك، فجاءه الوحي، فأسر إلى حذيفة أسماءهم، ولذلك يقال: هو صاحب السر الذي لا يعلمه غيره، كما ثبت ذلك في الصحيح. ومع هذا ففي الظاهر تجري عليهم أحكام أهل الإيمان.
A8: 7 | B8: Yüksek (büyük ihtimal düzenlenmiş tekrar) | C8: MF-V07-S11-P007 | D8: IMN-S00-P152 | E8: 0.912 | F8: 0.774 | G8: 0.15 | H8: 0.03 | I8: S: V07P429–V07P459 T: V01P007–V01P359 | J8: شك مما يعلمه الإنسان من نفسه وإلا فهو يشك في تكميل العمل الذي خاف أن لا يكون كمله؛ فيخاف من نقصه ولا يشك في أصله. قال الخلال: وأخبرني محمد بن أبي هارون: أن حبيش بن سندي حدثهم في هذه المسألة. قال أبو عبد الله {قول النبي صلى الله عليه وسلم حين وقف على المقابر فقال: وإنا إن شاء الله بكم لاحقون} وقد نعيت إليه نفسه وعلم أنه صائر إلى الموت وفي قصة صاحب القبر " وعليه حييت وعليه مت وعليه تبعث إن شاء الله " وفي {قول النبي صلى الله عليه وسلم إني اختبأت دعوتي وهي نائلة إن شاء الله من لا يشرك بالله شيئا} {وفي مسألة الرجل النبي صلى الله عليه وسلم أحدنا يصبح جنبا يصوم؟ فقال: إني أفعل ذلك ثم أصوم فقال: إنك لست مثلنا أنت قد غفر الله لك ما تقدم من ذنبك وما تأخر فقال: والله إني لأرجو أن أكون أخشاكم لله} . وهذا كثير وأشباهه على اليقين. قال: ودخل عليه شيخ فسأله عن الإيمان فقال له: قول وعمل يزيد وينقص. فقال له: أقول: مؤمن إن شاء الله؟ قال: نعم. فقال له: إنهم يقولون لي إنك شاك؛ قال: بئس ما قالوا ثم خرج فقال: ردوه فقال: أليس يقولون: الإيمان قول وعمل يزيد وينقص؟ قال: نعم قال: هؤلاء يستثنون. قال له: كيف يا أبا عبد الله؟ قال: قل لهم: زعمتم أن الإيمان قول وعمل فالقول قد أتيتم به والعمل لم تأتوا به فهذا الاستثناء لهذا العمل قيل له يستثنى في الإيمان؟ قال: نعم أقول: أنا مؤمن إن شاء الله أستثني على اليقين لا على الشك؛ ثم قال: قال الله: {لتدخلن المسجد الحرام إن شاء الله آمنين} فقد أخبر الله تعالى أنهم داخلون المسجد الحرام. فقد بين أحمد في كلامه أنه يستثني مع تيقنه بما هو الآن موجود فيه يقوله بلسانه وقلبه لا يشك في ذلك ويستثني لكون العمل من الإيمان؛ وهو لا يتيقن أنه أكمله بل يشك في ذلك فنفى الشك وأثبت اليقين فيما يتيقنه من نفسه وأثبت الشك فيما لا يعلم وجوده وبين أن الاستثناء مستحب لهذا الثاني الذي لا يعلم هل أتى به أم لا وهو جائز أيضا لما يتيقنه فلو استثنى لنفس الموجود في قلبه جاز كقول النبي صلى الله عليه وسلم {والله إني لأرجو أن أكون أخشاكم لله} وهذا أمر موجود في الحال ليس بمستقبل وهو كونه أخشانا؛ فإنه لا يرجو أن يصير أخشانا لله؛ بل هو يرجو أن يكون حين هذا القول أخشانا لله. كما يرجو المؤمن إذا عمل عملا أن يكون الله تقبله منه ويخاف أن لا يكون تقبله منه. كما قال تعالى: {والذين يؤتون ما آتوا وقلوبهم وجلة أنهم إلى ربهم راجعون} وقال النبي صلى الله عليه وسلم {هو الرجل يصلي ويصوم ويتصدق ويخاف أن لا يقبل منه} والقبول هو أمر حاضر أو ماض وهو يرجوه ويخافه وذلك أن ما له عاقبة مستقبلة محمودة أو مذمومة والإنسان يجوز وجوده وعدمه. يقال: إنه يرجوه وإنه يخافه. فتعلق الرجاء والخوف بالحاضر والماضي لأن عاقبته المطلوبة والمكروهة مستقبلة. فهو يرجو أن يكون الله تقبل عمله فيثيبه عليه فيرحمه في المستقبل. ويخاف أن لا يكون تقبله فيحرم ثوابه. كما يخاف أن يكون الله قد سخط عليه في معصيته فيعاقبه عليها. وإذا كان الإنسان يسعى فيما يطلبه كتاجر أو بريد أرسله في حاجته يقضيها في بعض الأوقات فإذا مضى ذلك الوقت يقول أرجو أن يكون فلان قد قضى ذلك الأمر وقضاؤه ماض لكن ما يحصل لهذا من الفرح والسرور وغير ذلك من مقاصده مستقبل. ويقول الإنسان في الوقت الذي جرت عادة الحاج بدخولهم إلى مكة: أرجو أن يكونوا دخلوا ويقول في سرية بعثت إلى الكفار: نرجو أن يكون الله قد نصر المؤمنين وغنمهم ويقال في نيل مصر عند وقت ارتفاعه: نرجو أن يكون قد صعد النيل كما يقول الحاضر في مصر مثل هذا الوقت: نرجو أن يكون النيل في هذا العام نيلا مرتفعا ويقال لمن له أرض يحب أن تمطر إذا مطرت بعض النواحي أرجو أن يكون المطر عاما وأرجو أن تكون قد مطرت الأرض الفلانية وذلك لأن المرجو هو ما يفرح بوجوده ويسره فالمكروه ما يتألم بوجوده. وهذا يتعلق بالعلم والعلم بذلك مستقبل فإذا علم أن المسلمين انتصروا والحاج قد دخلوا أو المطر قد نزل فرح بذلك وحصل به مقاصد أخر له وإذا كان الأمر بخلاف ذلك لم يحصل ذلك المحبوب المطلوب فيقول: أرجو وأخاف لأن المحبوب والمكروه متعلق بالعلم بذلك وهو مستقبل وكذلك المطلوب بالإيمان من السعادة والنجاة هو أمر مستقبل فيستثنى في الحاضر بذلك لأن المطلوب به مستقبل ثم كل مطلوب مستقبل تعلق بمشيئة الله | K8: قال: ودخل عليه شيخ فسأله عن الإيمان، فقال له: قول وعمل، يزيد وينقص، فقال له: أقول: مؤمن إن شاء الله، قال: نعم. فقال له: إنهم يقولون لي: إنك شاك، قال: بئس ما قالوا، ثم خرج، فقال: ردوه، فقال: أليس يقولون: الإيمان قول وعمل يزيد وينقص؟ قال: نعم، قال: هؤلاء يستثنون. قال له: كيف يا أبا عبد الله؟ قال: قل لهم: زعمتم أن الإيمان قول وعمل، فالقول قد أتيتم به، والعمل لم تأتوا به، فهذا الاستثناء لهذا العمل، قيل له: يستثنى في الإيمان؟ قال: نعم، أقول: أنا مؤمن إن شاء الله، أستثنى على اليقين لا على الشك، ثم قال: قال الله: {لتدخلن المسجد الحرام إن شاء الله آمنين} ، فقد أخبر الله تعالى أنهم داخلون المسجد الحرام. فقد بين أحمد في كلامه أنه يستثنى مع تيقنه بما هو الآن موجود فيه، يقوله بلسانه وقلبه، لا يشك في ذلك، ويستثنى لكون العمل من الإيمان، وهو لا يتيقن أنه أكمله بل يشك في ذلك، فنفى الشك وأثبت اليقين، فيما يتيقنه من نفسه، وأثبت الشك فيما لا يعلم وجوده، وبين أن الاستثناء مستحب لهذا الثاني الذي لا يعلم هل أتى به أم لا، وهو جائز أيضا لما يتيقنه، فلو استثني لنفس الموجود في قلبه جاز، كقول النبي صلى الله عليه وسلم: " والله إني لأرجو أن أكون أخشاكم لله " وهذا أمر موجود في الحال ليس بمستقبل، وهو كونه أخشانا، فإنه لا يرجو أن يصير أخشانا لله، بل هو يرجو أن يكون حين هذا القول أخشانا لله. كما يرجو المؤمن إذا عمل عملا أن يكون الله تقبله منه ويخاف ألا يكون تقبله منه، كما قال تعالى {والذين يؤتون ما آتوا وقلوبهم وجلة أنهم إلى ربهم راجعون} [المؤمنون: 60] ، وقال النبي صلى الله عليه وسلم: " هو الرجل يصلي ويصوم ويتصدق ويخاف ألا يقبل منه " والقبول هو أمر حاضر أو ماض وهو يرجوه ويخافه، وذلك أن ماله عاقبة مستقبلة محمودة أو مذمومة، والإنسان يجوز وجوده وعدمه. يقال: إنه يرجوه وأنه يخافه. فتعلق الرجاء والخوف بالحاضر والماضى؛ لأن عاقبته المطلوبة والمكروهة مستقبلة. فهو يرجو أن يكون الله تقبل عمله فيثيبه عليه فيرحمه في المستقبل. ويخاف ألا يكون تقبله فيحرم ثوابه، كما يخاف أن يكون الله قد سخط عليه في معصيته فيعاقبه عليها. وإذا كان الإنسان يسعى فيما يطلبه كتاجر أو بريد أرسله في حاجته يقضيها في بعض الأوقات، فإذا مضى ذلك الوقت يقول: أرجو أن يكون فلان قد قضى ذلك الأمر، وقضاؤه ماض، لكن ما يحصل لهذا من الفرح والسرور وغير ذلك من مقاصده مستقبل، ويقول الإنسان في الوقت الذي جرت عادة الحاج بدخولهم إلى مكة: أرجو أن يكونوا دخلوا، ويقول في سرية بعثت إلى الكفار: نرجو أن يكون الله قد نصر المؤمنين وغنمهم، ويقال في نيل مصر عند وقت ارتفاعه: نرجو أن يكون قد صعد النيل، كما يقول الحاضر في مصر مثل هذا الوقت: نرجو أن يكون النيل في هذا العام نيلا مرتفعا، ويقال لمن له أرض يحب أن تمطر، إذا مطرت بعض النواحي: أرجو أن يكون المطر عاما، وأرجو أن تكون قد مطرت الأرض الفلانية، وذلك لأن المرجو هو ما يفرح بوجوده ويسره، فالمكروه ما يتألم بوجوده. وهذا يتعلق بالعلم، والعلم بذلك مستقبل، فإذا علم أن المسلمين انتصروا، والحاج قد دخلوا، أو المطر قد نزل، فرح بذلك وحصل به مقاصد أخر له، وإذا كان الأمر بخلاف ذلك لم يحصل ذلك المحبوب المطلوب، فيقول: أرجو وأخاف؛ لأن المحبوب والمكروه ما يتألم بوجوده. وهذا متعلق بالعلم بذلك وهو مستقبل، وكذلك المطلوب بالإيمان من السعادة والنجاة، هو أمر مستقبل، فيستثنى في الحاضر بذلك؛ لأن المطلوب به مستقبل، ثم كل مطلوب مستقبل، تعلق بمشيئة الله وإن جزم بوجوده؛ لأنه لا يكون مستقبل إلا بمشيئة الله. فقولنا: يكون هذا إن شاء الله، حق، فإنه لا يكون إلا إن شاء الله والشك واللفظ ليس فيه إلا التعليق، وليس من ضرورة التعليق الشك بل هذا بحسب علم المتكلم، فتارة يكون شاكا وتارة لا يكون شاكا، فلما كان الشك يصحبها كثيرا لعدم علم الإنسان بالعواقب، ظن الظان أن الشك داخل في معناها،
A9: 8 | B9: Yüksek (büyük ihtimal düzenlenmiş tekrar) | C9: MF-V07-S00-P011 | D9: IMN-S00-P012 | E9: 0.926 | F9: 0.728 | G9: 0.21 | H9: 0.14 | I9: S: V07P005–V07P077 T: V01P007–V01P359 | J9: وكذلك قوله تعالى. {واعتصموا بحبل الله جميعا ولا تفرقوا} قيل: حبل الله هو دين الإسلام وقيل: القرآن وقيل: عهده وقيل: طاعته وأمره وقيل جماعة المسلمين؛ وكل هذا حق. وكذلك إذا قلنا: الكتاب والسنة والإجماع فمدلول الثلاثة واحد فإن كل ما في الكتاب فالرسول صلى الله عليه وسلم موافق له والأمة مجمعة عليه من حيث الجملة فليس في المؤمنين إلا من يوجب اتباع الكتاب وكذلك كل ما سنه الرسول صلى الله عليه وسلم فالقرآن يأمر باتباعه فيه والمؤمنون مجمعون على ذلك. وكذلك كل ما أجمع عليه المسلمون فإنه لا يكون إلا حقا موافقا لما في الكتاب والسنة؛ لكن المسلمون يتلقون دينهم كله عن الرسول صلى الله عليه وسلم وأما الرسول صلى الله عليه وسلم فينزل عليه وحي القرآن ووحي آخر هو الحكمة كما قال صلى الله عليه وسلم {ألا إني أوتيت الكتاب ومثله معه} . وقال حسان بن عطية: {كان جبريل ينزل على النبي صلى الله عليه وسلم بالسنة فيعلمه إياها كما يعلمه القرآن.} فليس كل ما جاءت به السنة يجب أن يكون مفسرا في القرآن؛ بخلاف ما يقوله أهل الإجماع؛ فإنه لا بد أن يدل عليه الكتاب والسنة فإن الرسول صلى الله عليه وسلم هو الواسطة بينهم وبين الله في أمره ونهيه وتحليله وتحريمه؛ والمقصود ذكر الإيمان. ومن هذا الباب قول النبي صلى الله عليه وسلم {لا يبغض الأنصار رجل يؤمن بالله واليوم الآخر} . وقوله: {آية الإيمان حب الأنصار وآية النفاق بغض الأنصار} . فإن من علم ما قامت به الأنصار من نصر الله ورسوله من أول الأمر وكان محبا لله ولرسوله؛ أحبهم قطعا فيكون حبه لهم علامة الإيمان الذي في قلبه ومن أبغضهم لم يكن في قلبه الإيمان الذي أوجبه الله عليه. وكذلك من لم يكن في قلبه بغض ما يبغضه الله ورسوله من المنكر الذي حرمه الله ورسوله من الكفر والفسوق والعصيان؛ لم يكن في قلبه الإيمان الذي أوجبه الله عليه فإن لم يكن مبغضا لشيء من المحرمات أصلا؛ لم يكن معه إيمان أصلا كما سنبينه إن شاء الله تعالى. وكذلك من لا يحب لأخيه المؤمن ما يحب لنفسه؛ لم يكن معه ما أوجبه الله عليه من الإيمان فحيث نفى الله الإيمان عن شخص؛ فلا يكون إلا لنقص ما يجب عليه من الإيمان ويكون من المعرضين للوعيد ليس من المستحقين للوعد المطلق. وكذلك قوله صلى الله عليه وسلم {من غشنا فليس منا ومن حمل علينا السلاح فليس منا} كله من هذا الباب لا يقوله إلا لمن ترك ما أوجب الله عليه أو فعل ما حرمه الله ورسوله؛ فيكون قد ترك من الإيمان المفروض عليه ما ينفي عنه الاسم لأجله فلا يكون من المؤمنين المستحقين للوعد السالمين من الوعيد. وكذلك قوله تعالى {ويقولون آمنا بالله وبالرسول وأطعنا ثم يتولى فريق منهم من بعد ذلك وما أولئك بالمؤمنين} {وإذا دعوا إلى الله ورسوله ليحكم بينهم إذا فريق منهم معرضون} {وإن يكن لهم الحق يأتوا إليه مذعنين} {أفي قلوبهم مرض أم ارتابوا أم يخافون أن يحيف الله عليهم ورسوله بل أولئك هم الظالمون} {إنما كان قول المؤمنين إذا دعوا إلى الله ورسوله ليحكم بينهم أن يقولوا سمعنا وأطعنا وأولئك هم المفلحون} . فهذا حكم اسم الإيمان إذا أطلق في كلام الله ورسوله؛ فإنه يتناول فعل الواجبات وترك المحرمات ومن نفى الله ورسوله عنه الإيمان؛ فلا بد أن يكون قد ترك واجبا أو فعل محرما فلا يدخل في الاسم الذي يستحق أهله الوعد دون الوعيد؛ بل يكون من أهل الوعيد. وكذلك قوله تعالى {حبب إليكم الإيمان وزينه في قلوبكم وكره إليكم الكفر والفسوق والعصيان أولئك هم الراشدون} . قال محمد بن نصر المروزي: لما كانت المعاصي بعضها كفر وبعضها ليس بكفر فرق بينها فجعلها ثلاثة أنواع: نوع منها كفر ونوع منها فسوق وليس بكفر ونوع عصيان وليس بكفر ولا فسوق. وأخبر أنه كرهها كلها إلى المؤمنين. ولما كانت الطاعات كلها داخلة في الإيمان وليس فيها شيء خارج عنه لم يفرق بينها فيقول: حبب إليكم الإيمان والفرائض وسائر الطاعات؛ بل أجمل ذلك فقال: {حبب إليكم الإيمان} . فدخل في ذلك جميع الطاعات؛ لأنه قد حبب إلى المؤمنين الصلاة والزكاة وسائر الطاعات حب تدين لأن الله أخبر: أنه حبب ذلك إليهم وزينه في قلوبهم لقوله: {حبب إليكم الإيمان} ويكرهون جميع المعاصي؛ الكفر منها والفسوق وسائر المعاصي كراهة تدين لأن الله أخبر: أنه كره ذلك إليهم. ومن ذلك قول رسول الله صلى الله عليه وسلم: | K9: وكذلك قوله تعالى: {واعتصموا بحبل الله جميعا ولا تفرقوا} [آل عمران: 103] ، قيل: حبل الله هو دين الإسلام. وقيل: القرآن. وقيل: عهده. وقيل: طاعته وأمره. وقيل: جماعة المسلمين، وكل هذا حق. وكذلك إذا قلنا: الكتاب، والسنة، والإجماع، فمدلول الثلاثة واحد، فإن كل ما في الكتاب فالرسول موافق له، والأمة مجمعة عليه من حيث الجملة، فليس في المؤمنين إلا من يوجب اتباع الكتاب، وكذلك كل ما سنه الرسول صلىالله عليه وسلم فالقرآن يأمر باتباعه فيه، والمؤمنون مجمعون على ذلك، وكذلك كل ما أجمع عليه المسلمون، فإنه لا يكون إلا حقا موافقا لما في الكتاب والسنة، لكن المسلمون يتلقون دينهم كله عن الرسول، وأما الرسول فينزل عليه وحي القرآن، ووحي آخر هو الحكمة، كما قال صلى الله عليه وسلم: " ألا إني أوتيت الكتاب ومثله معه ". وقال حسان بن عطية: كان جبريل ينزل على النبي صلىالله عليه وسلم بالسنة فيعلمه إياها كما يعلمه القرآن. فليس كل ما جاءت به السنة يجب أن يكون مفسرا في القرآن، بخلاف ما يقوله أهل الإجماع، فإنه لابد أن يدل عليه الكتاب والسنة، فإن الرسول هو الواسطة بينهم وبين الله في أمره ونهيه، وتحليله وتحريمه، والمقصود ذكر الإيمان. ومن هذا الباب قول النبي صلى الله عليه وسلم: " لا يبغض الأنصار رجل يؤمن بالله واليوم الآخر ". وقوله: " آية الإيمان حب الأنصار، وآية النفاق بغض الأنصار ". فإن من علم ما قامت به الأنصار من نصر الله ورسوله من أول الأمر. وكان محبا لله ولرسوله، أحبهم قطعا، فيكون حبه لهم علامة الإيمان الذي في قلبه، ومن أبغضهم لم يكن في قلبه الإيمان الذي أوجبه الله عليه. وكذلك من لم يكن في قلبه بغض ما يبغضه الله ورسوله من المنكر الذي حرمه الله ورسوله من الكفر والفسوق والعصيان، لم يكن في قلبه الإيمان الذي أوجبه الله عليه، فإن لم يكن مبغضا لشيء من المحرمات أصلا، لم يكن معه إيمان أصلا _ كما سنبينه إن شاء الله تعالى _ وكذلك من لا يحب لأخيه المؤمن ما يحب لنفسه، لم يكن معه ما أوجبه الله عليه من الإيمان، فحيث نفى الله الإيمان عن شخص، فلا يكون إلا لنقص ما يجب عليه من الإيمان، ويكون من المعرضين للوعيد، ليس من المستحقين للوعد المطلق. وكذلك قوله صلى الله عليه وسلم: " من غشنا فليس منا، ومن حمل علينا السلاح فليس منا "، كله من هذا الباب، لا يقوله إلا لمن ترك ما أوجب الله عليه، أو فعل ما حرمه الله ورسوله، فيكون قد ترك من الإيمان المفروض عليه ما ينفي عنه الاسم لأجله، فلا يكون من المؤمنين المستحقين للوعد، السالمين من الوعيد. وكذلك قوله تعالى: {ويقولون آمنا بالله وبالرسول وأطعنا ثم يتولى فريق منهم من بعد ذلك وما أولئك بالمؤمنين وإذا دعوا إلى الله ورسوله ليحكم بينهم إذا فريق منهم معرضون وإن يكن لهم الحق يأتوا إليه مذعنين أفي قلوبهم مرض أم ارتابوا أم يخافون أن يحيف الله عليهم ورسوله بل أولئك هم الظالمون إنما كان قول المؤمنين إذا دعوا إلى الله ورسوله ليحكم بينهم أن يقولوا سمعنا وأطعنا وأولئك هم المفلحون} [النور: 47: 51] . فهذا حكم اسم الإيمان إذا أطلق في كلام الله ورسوله، فإنه يتناول فعل الواجبات، وترك المحرمات، ومن نفى الله ورسوله عنه الإيمان، فلابد أن يكون قد ترك واجبا أو فعل محرما، فلا يدخل في الاسم الذي يستحق أهله الوعد دون الوعيد، بل يكون من أهل الوعيد. وكذلك قوله تعالى: {حبب إليكم الإيمان وزينه في قلوبكم وكره إليكم الكفر والفسوق والعصيان أولئك هم الراشدون} [الحجرات: 7] قال محمد بن نصر المروزي: لما كانت المعاصي بعضها كفر، وبعضها ليس بكفر، فرق بينها، فجعلها ثلاثة أنواع: نوع منها كفر، ونوع منها فسوق وليس بكفر، ونوع عصيان وليس بكفر ولا فسوق، وأخبر أنه كرهها كلها إلى المؤمنين، ولما كانت الطاعات كلها داخلة في الإيمان، وليس فيها شيء خارج عنه، لم يفرق بينها فيقول: حبب إليكم الإيمان والفرائض وسائر الطاعات؛ بل أجمل ذلك فقال: {حبب إليكم الإيمان} . فدخل في ذلك جميع الطاعات؛ لأنه قد حبب إلى المؤمنين الصلاة والزكاة، وسائر الطاعات حب تدين؛ لأن الله أخبر أنه حبب ذلك إليهم، وزينه في قلوبهم؛ لقوله: {حبب إليكم الإيمان} ويكرهون جميع المعاصي؛ الكفر منها والفسوق، وسائر المعاصي، كراهة تدين؛ لأن الله أخبر أنه كره ذلك إليهم. ومن ذلك قول رسول الله صلىالله عليه وسلم: " من سرته حسنته، وساءته سيئته، فهو مؤمن "؛لأن الله حبب إلى المؤمنين الحسنات، وكره إليهم السيئات.
A10: 9 | B10: Yüksek (büyük ihtimal düzenlenmiş tekrar) | C10: MF-V07-S09-P008 | D10: IMN-S00-P118 | E10: 0.824 | F10: 0.764 | G10: 0.07 | H10: 0.01 | I10: S: V07P328–V07P417 T: V01P007–V01P359 | J10: مؤمنا ومن أتى دون الكبائر نسميه مؤمنا ناقص الإيمان فإن صاحب هذا القول يقول: لما نفى عنه النبي صلى الله عليه وسلم الإيمان نفيته عنه كما نفاه عنه الرسول صلى الله عليه وسلم والرسول لم ينفه إلا عن صاحب كبيرة وإلا فالمؤمن الذي يفعل الصغيرة هي مكفرة عنه بفعله للحسنات واجتنابه للكبائر لكنه ناقص الإيمان عمن اجتنب الصغائر فما أتى بالإيمان الواجب ولكن خلطه بسيئات كفرت عنه بغيرها ونقصت بذلك درجته عمن لم يأت بذلك. وأما الذين نفى عنهم الرسول الإيمان فننفيه كما نفاه الرسول وأولئك وإن كان معهم التصديق وأصل الإيمان فقد تركوا منه ما استحقوا لأجله سلب الإيمان وقد يجتمع في العبد نفاق وإيمان وكفر وإيمان فالإيمان المطلق عند هؤلاء ما كان صاحبه مستحقا للوعد بالجنة. وطوائف " أهل الأهواء " من الخوارج والمعتزلة والجهمية والمرجئة كراميهم وغير كراميهم يقولون: إنه لا يجتمع في العبد إيمان ونفاق ومنهم من يدعي الإجماع على ذلك وقد ذكر أبو الحسن في بعض كتبه الإجماع على ذلك ومن هنا غلطوا فيه وخالفوا فيه الكتاب والسنة وآثار الصحابة والتابعين لهم بإحسان مع مخالفة صريح المعقول؛ بل الخوارج والمعتزلة طردوا هذا الأصل الفاسد وقالوا: لا يجتمع في الشخص الواحد طاعة يستحق بها الثواب ومعصية يستحق بها العقاب ولا يكون الشخص الواحد محمودا من وجه مذموما من وجه ولا محبوبا مدعوا له من وجه مسخوطا ملعونا من وجه ولا يتصور أن الشخص الواحد يدخل الجنة والنار جميعا عندهم بل من دخل إحداهما لم يدخل الأخرى عندهم ولهذا أنكروا خروج أحد من النار أو الشفاعة في أحد من أهل النار. وحكى عن غالية المرجئة أنهم وافقوهم على هذا الأصل لكن هؤلاء قالوا: إن أهل الكبائر يدخلون الجنة ولا يدخلون النار مقابلة لأولئك. وأما أهل السنة والجماعة والصحابة والتابعون لهم بإحسان؛ وسائر طوائف المسلمين من أهل الحديث والفقهاء وأهل الكلام من مرجئة الفقهاء والكرامية والكلابية والأشعرية والشيعة مرجئهم وغير مرجئهم فيقولون: إن الشخص الواحد قد يعذبه الله بالنار ثم يدخله الجنة كما نطقت بذلك الأحاديث الصحيحة وهذا الشخص الذي له سيئات عذب بها وله حسنات دخل بها الجنة وله معصية وطاعة باتفاق فإن هؤلاء الطوائف لم يتنازعوا في حكمه؛ لكن تنازعوا في اسمه. فقالت المرجئة: جهميتهم وغير جهميتهم: هو مؤمن كامل الإيمان. وأهل السنة والجماعة على أنه مؤمن ناقص الإيمان ولولا ذلك لما عذب كما أنه ناقص البر والتقوى باتفاق المسلمين وهل يطلق عليه اسم مؤمن؟ هذا فيه القولان والصحيح التفصيل. فإذا سئل عن أحكام الدنيا كعتقه في الكفارة. قيل: هو مؤمن وكذلك إذا سئل عن دخوله في خطاب المؤمنين. وأما إذا سئل عن حكمه في الآخرة. قيل: ليس هذا النوع من المؤمنين الموعودين بالجنة بل معه إيمان يمنعه الخلود في النار ويدخل به الجنة بعد أن يعذب في النار إن لم يغفر الله له ذنوبه ولهذا قال من قال: هو مؤمن بإيمانه فاسق بكبيرته أو مؤمن ناقص الإيمان والذين لا يسمونه مؤمنا من أهل السنة ومن المعتزلة يقولون: اسم الفسوق ينافي اسم الإيمان لقوله: {بئس الاسم الفسوق بعد الإيمان} وقوله: {أفمن كان مؤمنا كمن كان فاسقا} وقد قال النبي صلى الله عليه وسلم {سباب المسلم فسوق وقتاله كفر} . وعلى هذا الأصل فبعض الناس يكون معه شعبة من شعب الكفر ومعه إيمان أيضا وعلى هذا ورد عن النبي صلى الله عليه وسلم في تسمية كثير من الذنوب كفرا مع أن صاحبها قد يكون معه أكثر من مثقال ذرة من إيمان فلا يخلد في النار. كقوله {سباب المسلم فسوق وقتاله كفر} وقوله: {لا ترجعوا بعدي كفارا يضرب بعضكم رقاب بعض} وهذا مستفيض عن النبي صلى الله عليه وسلم في " الصحيح " من غير وجه فإنه أمر في حجة الوداع أن ينادي به في الناس فقد سمى من يضرب بعضهم رقاب بعض بلا حق كفارا؛ وسمى هذا الفعل كفرا؛ ومع هذا فقد قال تعالى: {وإن طائفتان من المؤمنين اقتتلوا فأصلحوا بينهما} إلى قوله: {إنما المؤمنون إخوة} فبين أن هؤلاء لم يخرجوا من الإيمان بالكلية ولكن فيهم ما هو كفر وهي هذه الخصلة. كما قال بعض الصحابة: كفر دون كفر. وكذلك قوله: {من قال لأخيه يا كافر فقد باء بها أحدهما} فقد سماه أخاه حين القول؛ وقد أخبر أن أحدهما باء بها فلو خرج أحدهما عن الإسلام بالكلية لم يكن أخاه بل فيه كفر. | K10: وكذلك قوله: " اختبأت دعوتي شفاعة لأمتي يوم القيامة، فهي نائلة إن شاء الله من مات لا يشرك بالله شيئا "، وقوله: " إني لأرجو أن تكونوا نصف أهل الجنة " وأمثال هذه النصوص، وكان يستدل به أحمد وغيره على الاستثناء في الإيمان، كما نذكره في موضعه. والمقصود أن خير المؤمنين في أعلى درجات الجنة، والمنافقون في الدرك الأسفل من النار، وإن كانوا في الدنيا مسلمين ظاهرا تجري عليهم أحكام الإسلام الظاهرة، فمن كان فيه إيمان ونفاق يسمى مسلما؛ إذ ليس هو دون المنافق المحض، وإذا كان نفاقه أغلب لم يستحق اسم الإيمان، بل اسم المنافق أحق به، فإن ما فيه بياض وسواد، سواده أكثر من بياضه، هو باسم الأسود أحق منه باسم الأبيض، كما قال تعالى: {هم للكفر يومئذ أقرب منهم للإيمان} [آل عمران: 167] ، وأما إذا كان إيمانه أغلب ومعه نفاق يستحق به الوعيد، لم يكن أيضا من المؤمنين الموعودين بالجنة، وهذا حجة لما ذكره محمد بن نصر عن أحمد، ولم أره أنا فيما بلغني من كلام أحمد ولا ذكره الخلال ونحوه. وقال محمد بن نصر: وحكى غير هؤلاء عن أحمد أنه قال: من أتى هذه الأربعة: الزنا، والسرقة، وشرب الخمر، والنهبة التي يرفع الناس فيها أبصارهم إليه، أو مثلهن أو فوقهن، فهو مسلم ولا أسميه مؤمنا، ومن أتى دون الكبائر نسميه مؤمنا ناقص الإيمان، فإن صاحب هذا القول يقول: لما نفى عنه النبي صلى الله عليه وسلم الإيمان، نفيته عنه كما نفاه عنه الرسول صلى الله عليه وسلم والرسول لم ينفه إلا عن صاحب كبيرة، وإلا فالمؤمن الذي يفعل الصغيرة هي مكفرة عنه بفعله للحسنات واجتنابه للكبائر، لكنه ناقص الإيمان عمن اجتنب الصغائر، فما أتى بالإيمان الواجب، ولكن خلطه بسيئات كفرت عنه بغيرها، ونقصت بذلك درجته عمن لم يأت بذلك. وأما الذين نفى عنهم الرسول الإيمان، فننفيه كما نفاه الرسول، وأولئك وإن كان معهم التصديق وأصل الإيمان فقد تركوا منه ما استحقوا لأجله سلب الإيمان، وقد يجتمع في العبد نفاق وإيمان، وكفر وإيمان، فالإيمان المطلق عند هؤلاء ما كان صاحبه مستحقا للوعد بالجنة. وطوائف أهل الأهواء من الخوارج، والمعتزلة، والجهمية، والمرجئة، كراميهم، وغير كراميهم يقولون: إنه لا يجتمع في العبد إيمان ونفاق، ومنهم من يدعي الإجماع على ذلك، وقد ذكر أبو الحسن في بعض كتبه الإجماع على ذلك، ومن هنا غلطوا فيه وخالفوا فيه الكتاب والسنة وآثار الصحابة والتابعين لهم بإحسان مع مخالفة صريح المعقول، بل الخوارج والمعتزلة طردوا هذا الأصل الفاسد، وقالوا: لا يجتمع في الشخص الواحد طاعة يستحق بها الثواب، ومعصية يستحق بها العقاب، ولا يكون الشخص الواحد محمودا من وجه مذموما من وجه، ولا محبوبا مدعوا من وجه مسخوطا ملعونا من وجه، ولا يتصور أن الشخص الواحد يدخل الجنة والنار جميعا عندهم؛ بل من دخل إحداهما لم يدخل الأخرى عندهم؛ ولهذا أنكروا خروج أحد من النار أو الشفاعة في أحد من أهل النار. وحكى عن غالية المرجئة أنهم وافقوهم على هذا الأصل، لكن هؤلاء قالوا: إن أهل الكبائر يدخلون الجنة ولا يدخلون النار مقابلة لأولئك. وأما أهل السنة والجماعة والصحابة، والتابعون لهم بإحسان، وسائر طوائف المسلمين من أهل الحديث والفقهاء وأهل الكلام من مرجئة الفقهاء والكرامية والكلابية والأشعرية، والشيعة مرجئهم وغير مرجئهم فيقولون: إن الشخص الواحد قد يعذبه الله بالنار ثم يدخله الجنة كما نطقت بذلك الأحاديث الصحيحة، وهذا الشخص الذي له سيئات عذب بها، وله حسنات دخل بها الجنة، وله معصية وطاعة باتفاق، فإن هؤلاء الطوائف لم يتنازعوا في حكمه، لكن تنازعوا في اسمه. فقالت المرجئة جهميتهم وغير جهميتهم هو مؤمن كامل الإيمان. وأهل السنة والجماعة على أنه مؤمن ناقص الإيمان، ولولا ذلك لما عذب، كما أنه ناقص البر والتقوى باتفاق المسلمين، وهل يطلق عليه اسم مؤمن؟ هذا فيه القولان، والصحيح التفصيل. فإذا سئل عن أحكام الدنيا كعتقه في الكفارة، قيل: هو مؤمن وكذلك إذا سئل عن دخوله في خطاب المؤمنين. وأما إذا سئل عن حكمه في الآخرة، قيل: ليس هذا النوع من المؤمنين الموعودين بالجنة، بل معه إيمان يمنعه الخلود في النار ويدخل به الجنة بعد أن
A11: 10 | B11: Yüksek (büyük ihtimal düzenlenmiş tekrar) | C11: MF-V07-S09-P026 | D11: IMN-S00-P137 | E11: 0.93 | F11: 0.902 | G11: 0 | H11: 0.03 | I11: S: V07P328–V07P417 T: V01P007–V01P359 | J11: وهكذا كثير من الفلاسفة تصوروا أعدادا مجردة وحقائق مجردة ويسمونها المثل الأفلاطونية وزمانا مجردا عن الحركة والمتحرك وبعدا مجردا عن الأجسام وصفاتها ثم ظنوا وجود ذلك في الخارج وهؤلاء كلهم اشتبه عليهم ما في الأذهان بما في الأعيان وهؤلاء قد يجعلون الواحد اثنين والاثنين واحدا؛ فتارة يجيئون إلى الأمور المتعددة المتفاضلة في الخارج فيجعلونها واحدة أو متماثلة وتارة يجيئون إلى ما في الخارج من الحيوان والمكان والزمان فيجعلون الواحد اثنين. والمتفلسفة والجهمية وقعوا في هذا وهذا فجاءوا إلى صفات الرب التي هي أنه عالم وقادر فجعلوا هذه الصفة هي عين الأخرى وجعلوا الصفة هي الموصوف. وهكذا القائلون بأن الإيمان شيء واحد وأنه متماثل في بني آدم غلطوا في كونه واحدا وفي كونه متماثلا كما غلطوا في أمثال ذلك من مسائل " التوحيد " و " الصفات " و " القرآن " ونحو ذلك؛ فكان غلط جهم وأتباعه في الإيمان كغلطهم في صفات الرب الذي يؤمن به المؤمنون وفي كلامه وصفاته سبحانه وتعالى عما يقول الظالمون علوا كبيرا. وكذلك السواد والبياض يقبل الاشتداد والضعف؛ بل عامة الصفات التي يتصف بها الموصوفون تقبل التفاضل؛ ولهذا كان العقل يقبل التفاضل والإيجاب والتحريم يقبل التفاضل فيكون إيجاب أقوى من إيجاب وتحريم أقوى من تحريم. وكذلك المعرفة التي في القلوب تقبل التفاضل على الصحيح عند أهل السنة وفي هذا كله نزاع فطائفة من المنتسبين إلى السنة تنكر التفاضل في هذا كله كما يختار ذلك القاضي أبو بكر وابن عقيل وغيرهما. وقد حكي عن أحمد في التفاضل في المعرفة روايتان. وإنكار التفاضل في هذه الصفات هو من جنس أصل قول المرجئة ولكن يقوله من يخالف المرجئة وهؤلاء يقولون: التفاضل إنما هو في الأعمال وأما الإيمان الذي في القلوب فلا يتفاضل وليس الأمر كما قالوه بل جميع ذلك يتفاضل وقد يقولون: إن أعمال القلب تتفاضل؛ بخلاف معارف القلب وليس الأمر كذلك بل إيمان القلوب يتفاضل من جهة ما وجب على هذا ومن جهة ما وجب على هذا فلا يستوون في الوجوب. وأمة محمد وإن وجب عليهم جميعهم الإيمان بعد استقرار الشرع فوجوب الإيمان بالشيء المعين موقوف على أن يبلغ العبد إن كان خبرا وعلى أن يحتاج إلى العمل به إن كان أمرا وعلى العلم به إن كان علما وإلا فلا يجب على كل مسلم أن يعرف كل خبر وكل أمر في الكتاب والسنة ويعرف معناه ويعلمه؛ فإن هذا لا يقدر عليه أحد. فالوجوب يتنوع بتنوع الناس فيه؛ ثم قدرهم في أداء الواجب متفاوتة؛ ثم نفس المعرفة تختلف بالإجمال والتفصيل والقوة والضعف ودوام الحضور ومع الغفلة فليست المفصلة المستحضرة الثابتة التي يثبت الله صاحبها بالقول الثابت في الحياة الدنيا وفي الآخرة كالمجملة التي غفل عنها وإذا حصل له ما يريبه فيها وذكرها في قلبه ثم رغب إلى الله في كشف الريب. ثم أحوال القلوب وأعمالها مثل محبة الله ورسوله وخشية الله والتوكل عليه والصبر على حكمه والشكر له والإنابة إليه وإخلاص العمل له ما يتفاضل الناس فيها تفاضلا لا يعرف قدره إلا الله عز وجل ومن أنكر تفاضلهم في هذا فهو إما جاهل لم يتصوره وإما معاند. قال الإمام أحمد: فإن زعموا أنهم لا يقبلون زيادة الإيمان من أجل أنهم لا يدرون ما زيادته وأنها غير محدودة فما يقولون في أنبياء الله وكتبه ورسله؟ هل يقرون بهم في الجملة؟ ويزعمون أنه من الإيمان؛ فإذا قالوا: نعم؛ قيل لهم: هل تحدونهم وتعرفون عددهم؟ أليس إنما يصيرون في ذلك إلى الإقرار بهم في الجملة ثم يكفون عن عددهم؟ فكذلك زيادة الإيمان. وبين أحمد أن كونهم لم يعرفوا منتهى زيادته لا يمنعهم من الإقرار بها في الجملة؛ كما أنهم يؤمنون بالأنبياء والكتب وهم لا يعرفون عدد الكتب والرسل. وهذا الذي ذكره أحمد وذكره محمد بن نصر وغيرهما يبين أنهم لم يعلموا عدد الكتب والرسل وأن حديث أبي ذر في ذلك لم يثبت عندهم. وأما قول من سوى بين الإسلام والإيمان وقال: إن الله سمى الإيمان بما سمى به الإسلام؛ وسمى الإسلام بما سمى به الإيمان فليس كذلك فإن الله | K11: وهكذا كثير من الفلاسفة تصوروا أعدادا مجردة وحقائق مجردة ويسمونها المثل الأفلاطونية، وزمانا مجردا عن الحركة والمتحرك، وبعدا مجردا عن الأجسام وصفاتها ثم ظنوا وجود ذلك في الخارج، وهؤلاء كلهم اشتبه عليهم ما في الأذهان بما في الأعيان، وهؤلاء قد يجعلون الواحد اثنين والاثنين واحدا، فتارة يجيئون إلي الأمور المتعددة المتفاضلة في الخارج فيجعلونها واحدة أو متماثلة، وتارة يجيئون إلى ما في الخارج من الحيوان والمكان والزمان فيجعلون الواحد اثنين، والمتفلسفة والجهمية وقعوا في هذا وهذا، فجاؤوا إلى صفات الرب التي هي أنه عالم وقادر، فجعلوا هذه الصفة هي عين الأخري وجعلوا الصفة هي الموصوف. وهكذا القائلون بأن الإيمان شيء واحد وأنه متماثل في بني آدم، غلطوا في كونه واحدا وفي كونه متماثلا كما غلطوا في أمثال ذلك من مسائل [التوحيد] و [الصفات] و [القرآن] ونحو ذلك، فكان غلط جهم وأتباعه في الإيمان كغلطهم في صفات الرب الذي يؤمن به المؤمنون، وفي كلامه وصفاته سبحانه وتعالى عما يقول الظالمون علوا كبيرا. وكذلك السواد والبياض يقبل الاشتداد والضعف، بل عامة الصفات التي يتصف بها الموصوفون تقبل التفاضل؛ ولهذا كان العقل يقبل التفاضل، والإيجاب والتحريم يقبل التفاضل، فيكون إيجاب أقوى من إيجاب، وتحريم أقوى من تحريم، وكذلك المعرفة التي في القلوب تقبل التفاضل على الصحيح عند أهل السنة، وفي هذا كله نزاع، فطائفة من المنتسبين إلى السنة تنكر التفاضل في هذا كله كما يختار ذلك القاضي أبو بكر وابن عقيل، وغيرهما. وقد حكى عن أحمد في التفاضل في المعرفة روايتان. وإنكار التفاضل في هذه الصفات هو من جنس أصل قول المرجئة، ولكن يقوله من يخالف المرجئة، وهؤلاء يقولون: التفاضل إنما هو في الأعمال، وأما الإيمان الذي في القلوب فلا يتفاضل، وليس الأمر كما قالوه، بل جميع ذلك يتفاضل، وقد يقولون: إن أعمال القلب تتفاضل، بخلاف معارف القلب، وليس الأمر كذلك، بل إيمان القلوب يتفاضل من جهة ما وجب علي هذا، ومن جهة ما وجب على هذا، فلا يستوون في الوجوب، وأمة محمد وإن وجب عليهم جميعهم الإيمان بعد استقرار الشرع، فوجوب الإيمان بالشيء المعين موقوف على أن يبلغ العبد إن كان خبرا، وعلى أن يحتاج إلى العمل به إن كان أمرا، وعلى العلم به إن كان علما، وإلا فلا يجب على كل مسلم أن يعرف كل خبر وكل أمر في الكتاب والسنة، ويعرف معناه ويعلمه، فإن هذا لا يقدر عليه أحد. فالوجوب يتنوع بتنوع الناس فيه، ثم قدرهم في أداء الواجب متفاوتة، ثم نفس المعرفة تختلف بالإجمال والتفصيل، والقوة والضعف، ودوام الحضور، ومع الغفلة، فليست المفصلة المستحضرة الثابتة التي يثبت الله صاحبها بالقول الثابت في الحياة الدنيا وفي الآخرة، كالمجملة التي غفل عنها، وإذا حصل له ما يريبه فيها وذكرها في قلبه، ثم رغب إلى الله في كشف الريب، ثم أحوال القلوب وأعمالها مثل محبة الله ورسوله وخشية الله، والتوكل عليه، والصبر على حكمه، والشكر له والإنابة إليه، وإخلاص العمل له مما يتفاضل الناس فيها تفاضلا لا يعرف قدره إلا الله عز وجل ومن أنكر تفاضلهم في هذا فهو إما جاهل لم يتصوره، وإما معاند. قال الإمام أحمد: فإن زعموا أنهم لا يقبلون زيادة الإيمان، من أجل أنهم لا يدرون ما زيادته، وأنها غير محدودة، فما يقولون في أنبياء الله وكتبه ورسله؟ هل يقرون بهم في الجملة؟ ويزعمون أنه من الإيمان، فإذا قالوا: نعم، قيل لهم: هل تحدونهم وتعرفون عددهم؟ أليس إنما يصيرون في ذلك إلى الإقرار بهم في الجملة، ثم يكفون عن عددهم؟ فكذلك زيادة الإيمان. وبين أحمد أن كونهم لم يعرفوا منتهى زيادته، لا يمنعهم من الإقرار بها في الجملة، كما أنهم يؤمنون بالأنبياء والكتب وهم لا يعرفون عدد الكتب والرسل. وهذا الذي ذكره أحمد، وذكره محمد بن نصر، وغيرهما، يبين أنهم لم يعلموا عدد الكتب والرسل، وأن حديث أبي ذر في ذلك لم يثبت عندهم. وأما قول من سوى بين الإسلام والإيمان وقال: إن الله سمى الإيمان بما سمى به الإسلام، وسمى الإسلام بما سمى به الإيمان، فليس كذلك، فإن الله ورسوله قد فسر الإيمان بأنه الإيمان بالله وملائكته وكتبه ورسله واليوم الآخر. وبين أيضا أن العمل بما أمر به يدخل في الإيمان، ولم يسم الله الإيمان بملائكته وكتبه ورسله والبعث بعد الموت إسلاما، بل إنما سمى الإسلام الاستسلام له بقلبه وقصده وإخلاص الدين والعمل بما أمر به؛ كالصلاة والزكاة خالصا لوجهه، فهذا هو الذي سماه الله إسلاما وجعله دينا، وقال: {ومن يبتغ غير الإسلام دينا فلن يقبل منه} [آل عمران: 85] ، ولم يدخل فيما خص به الإيمان، وهو الإيمان بالله وملائكته وكتبه ورسله، بل ولا أعمال القلوب، مثل حب الله ورسوله ونحو ذلك، فإن هذه جعلها من الإيمان، والمسلم المؤمن يتصف بها، وليس إذا اتصف بها المسلم المؤمن يلزم أن تكون من الإسلام، بل هي من الإيمان، والإسلام فرض، والإيمان فرض، والإسلام داخل فيه، فمن أتى بالإيمان الذي أمر به، فلابد أن يكون قد أتى بالإسلام المتناول لجميع الأعمال الواجبة، ومن أتى بما يسمى إسلاما لم يلزم أن يكون قد أتى بالإيمان إلا بدليل منفصل، كما علم أن من أثنى الله عليه بالإسلام من الأنبياء وأتباعهم إلى الحواريين كلهم كانوا مؤمنين كما كانوا مسلمين، كما قال الحواريون: {آمنا بالله واشهد بأنا مسلمون} [آل عمران: 52] ، وقال: {وإذ أوحيت إلى الحواريين أن آمنوا بي وبرسولي قالوا آمنا واشهد بأننا مسلمون} [المائدة: 111] ؛ ولهذا أمرنا الله بهذا وبهذا في خطاب واحد، كما قال: {قولوا آمنا بالله ومآ أنزل إلينا وما
A12: 11 | B12: Orta-yüksek (paragraf ortak, paraphrase olabilir) | C12: MF-V07-S00-P008 | D12: IMN-S00-P009 | E12: 0.634 | F12: 0.497 | G12: 0.21 | H12: 0.03 | I12: S: V07P005–V07P077 T: V01P007–V01P359 | J12: وقد ذم الله " قسوة القلوب " المنافية للخشوع في غير موضع فقال تعالى: {ثم قست قلوبكم من بعد ذلك فهي كالحجارة أو أشد قسوة} . قال الزجاج: قست في اللغة: غلظت ويبست وعسيت. فقسوة القلب ذهاب اللين والرحمة والخشوع منه والقاسي والعاسي: الشديد الصلابة. وقال ابن قتيبة: قست وعست وعتت. أي يبست. وقوة القلب المحمودة غير قسوته المذمومة فإنه ينبغي أن يكون قويا من غير عنف ولينا من غير ضعف. وفي الأثر: {القلوب آنية الله في أرضه فأحبها إلى الله أصلبها وأرقها وأصفاها} . وهذا كاليد فإنها قوية لينة بخلاف ما يقسو من العقب فإنه يابس لا لين فيه وإن كان فيه قوة. وهو سبحانه ذكر وجل القلب من ذكره ثم ذكر زيادة الإيمان عند تلاوة كتابه علما وعملا. ثم لا بد من التوكل على الله فيما لا يقدر عليه ومن طاعته فيما يقدر عليه وأصل ذلك " الصلاة " و " الزكاة ". فمن قام بهذه الخمس كما أمر لزم أن يأتي بسائر الواجبات. بل " الصلاة نفسها " إذا فعلها كما أمر فهي تنهى عن الفحشاء والمنكر؛ كما روي عن ابن مسعود وابن عباس: إن في الصلاة منتهى ومزدجرا عن معاصي الله فمن لم تنهه صلاته عن الفحشاء والمنكر لم يزدد بصلاته من الله إلا بعدا ". وقوله: " لم يزدد إلا بعدا " إذا كان ما ترك من الواجب منها أعظم مما فعله، أبعده ترك الواجب الأكثر من الله أكثر مما قربه فعل الواجب الأقل، وهذا كما في " الصحيح " {عن النبي صلى الله عليه وسلم أنه قال: تلك صلاة المنافق، تلك صلاة المنافق، تلك صلاة المنافق، يرقب الشمس حتى إذا كانت بين قرني شيطان قام فنقر أربعا لا يذكر الله فيها إلا قليلا} . وقد قال تعالى: {إن المنافقين يخادعون الله وهو خادعهم وإذا قاموا إلى الصلاة قاموا كسالى يراءون الناس ولا يذكرون الله إلا قليلا} . وفي السنن عن عمار {عن النبي صلى الله عليه وسلم أنه قال: إن العبد لينصرف من صلاته ولم يكتب له منها إلا نصفها، إلا ثلثها. . حتى قال: إلا عشرها} وعن ابن عباس قال: ليس لك من صلاتك إلا ما عقلت منها. وهذا وإن لم يؤمر بإعادة الصلاة عند أكثر العلماء لكن يؤمر بأن يأتي من التطوعات بما يجبر نقص فرضه. ومعلوم أن من حافظ على الصلوات بخشوعها الباطن وأعمالها الظاهرة وكان يخشى الله الخشية التي أمره بها؛ فإنه يأتي بالواجبات؛ ولا يأتي كبيرة. ومن أتى الكبائر - مثل الزنا أو السرقة أو شرب الخمر؛ وغير ذلك - فلا بد أن يذهب ما في قلبه من تلك الخشية والخشوع والنور؛ وإن بقي أصل التصديق في قلبه. وهذا من " الإيمان " الذي ينزع منه عند فعل الكبيرة كما قال النبي صلى الله عليه وسلم {لا يزني الزاني حين يزني وهو مؤمن ولا يسرق السارق حين يسرق وهو مؤمن} . فإن " المتقين " كما وصفهم الله بقوله: {إن الذين اتقوا إذا مسهم طائف من الشيطان تذكروا فإذا هم مبصرون} فإذا طاف بقلوبهم طائف من الشيطان تذكروا فيبصرون. قال سعيد بن جبير: هو الرجل يغضب الغضبة فيذكر الله؛ فيكظم الغيظ. وقال ليث عن مجاهد: هو الرجل يهم بالذنب فيذكر الله فيدعه. والشهوة والغضب مبدأ السيئات فإذا أبصر رجع ثم قال: {وإخوانهم يمدونهم في الغي ثم لا يقصرون} . أي: وإخوان الشياطين تمدهم الشياطين في الغي ثم لا يقصرون. قال ابن عباس: لا الإنس تقصر عن السيئات. ولا الشياطين تمسك عنهم. فإذا لم يبصر بقي قلبه في غي والشيطان يمده في غيه. وإن كان التصديق في قلبه لم يكذب. فذلك النور والإبصار. وتلك الخشية والخوف يخرج من قلبه. وهذا: كما أن الإنسان يغمض عينيه فلا يرى شيئا وإن لم يكن أعمى؛ فكذلك القلب بما يغشاه من رين الذنوب لا يبصر الحق. وإن لم يكن أعمى كعمى الكافر. وهكذا جاء في الآثار: قال أحمد بن حنبل في كتاب (الإيمان) : حدثنا يحيى عن أشعث عن الحسن عن النبي صلى الله عليه وسلم قال: {ينزع منه الإيمان؛ فإن تاب أعيد إليه} . وقال: حدثنا يحيى عن عوف قال: قال الحسن: " يجانبه الإيمان ما دام كذلك فإن راجع راجعه الإيمان ". وقال أحمد: حدثنا معاوية عن أبي إسحاق عن الأوزاعي قال: وقد قلت للزهري حين ذكر هذا الحديث - {لا يزني الزاني حين يزني وهو مؤمن} فإنهم يقولون: فإن لم يكن مؤمنا فما هو؟ قال: فأنكر ذلك. وكره مسألتي عنه. وقال أحمد: حدثنا عبد الرحمن بن مهدي. عن سفيان عن إبراهيم بن | K12: وفي السنن عن عمار، عن النبي صلىالله عليه وسلم أنه قال: " إن العبد لينصرف من صلاته ولم يكتب له منها إلا نصفها، إلا ثلثها "، حتى قال: " إلا عشرها "، وعن ابن عباس قال: ليس لك من صلاتك إلا ما عقلت منها. وهذا وإن لم يؤمر بإعادة الصلاة عند أكثر العلماء، لكن يؤمر بأن يأتي من التطوعات بما يجبر نقص فرضه. ومعلوم أن من حافظ على الصلوات بخشوعها الباطن، وأعمالها الظاهرة، وكان يخشى الله الخشية التي أمره بها، فإنه يأتي بالواجبات، ولا يأتي كبيرة، ومن أتى الكبائر _ مثل الزنا، أو السرقة، أو شرب الخمر، وغير ذلك _ فلابد أن يذهب ما في قلبه من تلك الخشية والخشوع والنور، وإن بقي أصل التصديق في قلبه. وهذا من الإيمان الذي ينزع منه عند فعل الكبيرة، كما قال النبي صلى الله عليه وسلم: " لا يزني الزاني حين يزني وهو مؤمن، ولا يسرق السارق حين يسرق وهو مؤمن ". فإن المتقين كما وصفهم الله بقوله: {إن الذين اتقوا إذا مسهم طائف من الشيطان تذكروا فإذا هم مبصرون} [الأعراف: 201] ، فإذا طاف بقلوبهم طائف من الشيطان تذكروا، فيبصرون. قال سعيد بن جبير: هو الرجل يغضب الغضبة، فيذكر الله، فيكظم الغيظ. وقال ليث عن مجاهد: هو الرجل يهم بالذنب، فيذكر الله، فيدعه. والشهوة والغضب مبدأ السيئات، فإذا أبصر رجع، ثم قال: {وإخوانهم يمدونهم في الغي ثم لا يقصرون} [الأعراف: 202] أي: وإخوان الشياطين تمدهم الشياطين في الغي، ثم لا يقصرون. قال ابن عباس: لا الإنس تقصر عن السيئات. ولا الشياطين تمسك عنهم، فإذا لم يبصر بقي قلبه في غي، والشيطان يمده في غيه. وإن كان التصديق في قلبه لم يكذب. فذلك النور والإبصار. وتلك الخشية والخوف، يخرج من قلبه. وهذا: كما أن الإنسان يغمض عينيه فلا يرى شيئا، وإن لم يكن أعمى، فكذلك القلب بما يغشاه من رين الذنوب لا يبصر الحق. وإن لم يكن أعمى كعمى الكافر. وهكذا جاء في الآثار: قال أحمد بن حنبل في كتاب [الإيمان] : حدثنا يحيي، عن أشعث، عن الحسن، عن النبي صلى الله عليه وسلم قال: " ينزع منه الإيمان، فإن تاب أعيد إليه ". وقال: حدثنا يحيي، عن عوف، قال: قال الحسن: يجانبه الإيمان ما دام كذلك، فإن راجع راجعه الإيمان. وقال أحمد: حدثنا معاوية عن أبي إسحاق، عن الأوزاعي، قال: وقد قلت للزهري حين ذكر هذا الحديث: " لا يزني الزاني حين يزني وهو مؤمن ": فإنهم يقولون: فإن لم يكن مؤمنا فما هو؟ قال: فأنكر ذلك. وكره مسألتي عنه. وقال أحمد: حدثنا عبد الرحمن بن مهدي، عن سفيان، عن إبراهيم بن مهاجر، عن مجاهد، عن ابن عباس؛ أنه قال لغلمانه: من أراد منكم الباءة زوجناه، لا يزني منكم زان إلا نزع الله منه نور الإيمان، فإن شاء أن يرده رده، وإن شاء أن يمنعه منعه. وقال أبو داود السجستاني: حدثنا عبد الوهاب بن نجدة، حدثنا بقية بن الوليد، حدثنا صفوان بن عمرو، عن عبد الله بن ربيعة الحضرمي؛ أنه أخبره عن أبي هريرة: أنه كان يقول: إنما الإيمان كثوب أحدكم، يلبسه مرة ويقلعه أخرى، وكذلك رواه بإسناده عن عمر، وروى عن الحسن، عن النبي صلى الله عليه وسلم مرسلا. وفي حديث عن أبي هريرة مرفوع إلى النبي صلى الله عليه وسلم: " إذا زنى الزاني خرج منه الإيمان فكان كالظلة، فإذا انقطع رجع إليه الإيمان ". وهذا _ إن شاء الله _ يبسط في موضع آخر. فصل: وقد جاءت أحاديث تنازع الناس في صحتها، مثل قوله: " لا صلاة إلا بوضوء، ولا وضوء لمن لم يذكر اسم الله عليه "، فأما الأول: فهو كقوله: " لا صلاة إلا بطهور " وهذا متفق عليه بين المسلمين؛ فإن الطهور واجب في الصلاة، فإنما نفى الصلاة لانتفاء واجب فيها، وأما ذكر اسم الله _ تعالى _ على الوضوء، ففي وجوبه نزاع معروف، وأكثر العلماء لا يوجبونه، وهو مذهب مالك، وأبي حنيفة، والشافعي، وهو إحدى الروايتين عن أحمد، اختارها الخرقي وأبو محمد وغيرهما. والثاني: يجب وهو قول طائفة من أهل العلم. وهو الرواية الأخرى عن أحمد، اختارها أبو بكر عبد العزيز، والقاضي أبو يعلى وأصحابه. وكذلك قوله: " لا صلاة لجار المسجد إلا في المسجد " رواه الدارقطني، فمن الناس من يضعفه مرفوعا ويقول: هو من كلام علي _ رضي الله عنه _ ومنهم من يثبته كعبد الحق.
A13: 12 | B13: Orta-yüksek (paragraf ortak, paraphrase olabilir) | C13: MF-V07-S06-P013 | D13: IMN-S00-P079 | E13: 0.763 | F13: 0.632 | G13: 0.17 | H13: 0.08 | I13: S: V07P195–V07P258 T: V01P007–V01P359 | J13: الوجه الثامن: أن الإنسان قد يكون مكذبا ومنكرا لأمور لا يعلم أن الرسول أخبر بها وأمر بها ولو علم ذلك لم يكذب ولم ينكر. بل قلبه جازم بأنه لا يخبر إلا بصدق ولا يأمر إلا بحق ثم يسمع الآية أو الحديث أو يتدبر ذلك أو يفسر له معناه أو يظهر له ذلك بوجه من الوجوه فيصدق بما كان مكذبا به ويعرف ما كان منكرا وهذا تصديق جديد وإيمان جديد ازداد به إيمانه ولم يكن قبل ذلك كافرا بل جاهلا؛ وهذا وإن أشبه المجمل والمفصل لكون قلبه سليما عن تكذيب وتصديق لشيء من التفاصيل وعن معرفة وإنكار لشيء من ذلك فيأتيه التفصيل بعد الإجمال على قلب ساذج؛ وأما كثير من الناس بل من أهل العلوم والعبادات فيقوم بقلوبهم من التفصيل أمور كثيرة تخالف ما جاء به الرسول وهم لا يعرفون أنها تخالف فإذا عرفوا رجعوا وكل من ابتدع في الدين قولا أخطأ فيه أو عمل عملا أخطأ فيه وهو مؤمن بالرسول أو عرف ما قاله وآمن به لم يعدل عنه؛ هو من هذا الباب وكل مبتدع قصده متابعة الرسول فهو من هذا الباب؛ فمن علم ما جاء به الرسول وعمل به أكمل ممن أخطأ ذلك؛ ومن علم الصواب بعد الخطأ وعمل به فهو أكمل ممن لم يكن كذلك. فصل: وقد أثبت الله في القرآن إسلاما بلا إيمان في قوله تعالى {قالت الأعراب آمنا قل لم تؤمنوا ولكن قولوا أسلمنا ولما يدخل الإيمان في قلوبكم وإن تطيعوا الله ورسوله لا يلتكم من أعمالكم شيئا} . وقد ثبت في " الصحيحين {عن سعد بن أبي وقاص قال: أعطى النبي صلى الله عليه وسلم رهطا وفي رواية قسم قسما وترك فيهم من لم يعطه وهو أعجبهم إلي فقلت: يا رسول الله ما لك عن فلان؟ فوالله إني لأراه مؤمنا فقال رسول الله صلى الله عليه وسلم أو مسلما. أقولها ثلاثا ويرددها علي رسول الله صلى الله عليه وسلم ثلاثا ثم قال: إني لأعطي الرجل وغيره أحب إلي منه مخافة أن يكبه الله على وجهه في النار} وفي رواية: {فضرب بين عنقي وكتفي وقال: أقتال أي سعد} . فهذا الإسلام الذي نفى الله عن أهله دخول الإيمان في قلوبهم هل هو إسلام يثابون عليه؟ أم هو من جنس إسلام المنافقين؟ فيه قولان مشهوران للسلف والخلف: أحدهما: أنه إسلام يثابون عليه ويخرجهم من الكفر والنفاق. وهذا مروي عن الحسن وابن سيرين وإبراهيم النخعي وأبي جعفر الباقر؛ وهو قول حماد بن زيد وأحمد بن حنبل وسهل بن عبد الله التستري وأبي طالب المكي وكثير من أهل الحديث والسنة والحقائق. قال أحمد بن حنبل: حدثنا مؤمل بن إسحاق عن عمار بن زيد قال: سمعت هشاما يقول: كان الحسن ومحمد يقولان: مسلم ويهابان: مؤمن. وقال أحمد بن حنبل: حدثنا أبو سلمة الخزاعي قال: قال مالك وشريك وأبو بكر بن عياش وعبد العزيز بن أبي سلمة وحماد بن سلمة وحماد بن زيد: " الإيمان " المعرفة والإقرار والعمل إلا أن حماد بن زيد يفرق بين الإسلام والإيمان يجعل الإيمان خاصا والإسلام عاما. و (القول الثاني) : أن هذا الإسلام: هو الاستسلام خوف السبي والقتل مثل إسلام المنافقين. قالوا: وهؤلاء كفار فإن الإيمان لم يدخل في قلوبهم ومن لم يدخل الإيمان في قلبه فهو كافر. وهذا اختيار البخاري ومحمد بن نصر المروزي والسلف مختلفون في ذلك. قال محمد بن نصر: حدثنا إسحاق أنبأنا جرير عن مغيرة قال: أتيت إبراهيم النخعي فقلت: إن رجلا خاصمني يقال له: سعيد العنبري فقال إبراهيم ليس بالعنبري ولكنه زبيدي. قوله: {قالت الأعراب آمنا قل لم تؤمنوا ولكن قولوا أسلمنا} فقال: هو الاستسلام فقال إبراهيم: لا هو الإسلام. وقال: حدثنا محمد بن يحيى حدثنا محمد بن يوسف حدثنا سفيان عن مجاهد: {قالت الأعراب آمنا قل لم تؤمنوا ولكن قولوا أسلمنا} قال: استسلمنا خوف السبي والقتل. ولكن هذا منقطع سفيان لم يدرك مجاهدا. والذين قالوا: إن هذا الإسلام هو كإسلام المنافقين لا يثابون عليه قالوا: لأن الله نفى عنهم الإيمان ومن نفي عنه الإيمان فهو كافر. وقال هؤلاء: الإسلام هو الإيمان وكل مسلم مؤمن. وكل مؤمن مسلم ومن جعل الفساق مسلمين غير مؤمنين لزمه أن لا يجعلهم داخلين في قوله تعالى {يا أيها الذين آمنوا إذا قمتم إلى الصلاة} وفي قوله تعالى {يا أيها الذين آمنوا إذا نودي للصلاة من يوم الجمعة} وأمثال ذلك فإنهم إنما دعوا باسم الإيمان لا باسم الإسلام فمن لم يكن مؤمنا لم يدخل في ذلك. وجواب هذا أن يقال: الذين قالوا من السلف: إنهم خرجوا من الإيمان إلى الإسلام لم يقولوا: إنه لم يبق معهم من الإيمان شيء بل هذا قول الخوارج والمعتزلة. وأهل السنة الذين قالوا هذا يقولون: الفساق يخرجون من النار بالشفاعة. وإن معهم إيمانا يخرجون به من النار. لكن لا يطلق عليهم اسم الإيمان لأن الإيمان المطلق هو الذي يستحق صاحبه الثواب ودخول الجنة وهؤلاء ليسوا من أهله وهم يدخلون في الخطاب بالإيمان لأن الخطاب بذلك هو لمن دخل في الإيمان وإن لم يستكمله فإنه إنما خوطب ليفعل تمام الإيمان فكيف يكون قد أتمه قبل الخطاب وإلا كنا قد تبينا أن هذا المأمور من الإيمان قبل الخطاب؛ وإنما صار من الإيمان بعد أن أمروا به فالخطاب ب {يا أيها | K13: فهذا الإسلام الذي نفى الله عن أهله دخول الإيمان في قلوبهم، هل هو إسلام يثابون عليه؟ أم هو من جنس إسلام المنافقين؟ فيه قولان مشهوران للسلف والخلف: أحدهما: أنه إسلام يثابون عليه، ويخرجهم من الكفر والنفاق. وهذا مروي عن الحسن، وابن سيرين، وإبراهيم النخعي، وأبي جعفر الباقر، وهو قول حماد بن زيد، وأحمد بن حنبل، وسهل بن عبد الله التستري، وأبي طالب المكي، وكثير من أهل الحديث والسنة والحقائق. قال أحمد بن حنبل: حدثنا مؤمل بن إسحاق عن عمار بن زيد قال: سمعت هشاما يقول: كان الحسن ومحمد يقولان: مسلم، ويهابان: مؤمن، وقال أحمد بن حنبل: حدثنا أبو سلمة الخزاعي، قال: قال مالك، وشريك، وأبو بكر بن عياش، وعبد العزيز ابن أبي سلمة، وحماد بن سلمة، وحماد بن زيد: الإيمان: المعرفة والإقرار والعمل، إلا أن حماد بن زيد يفرق بين الإسلام والإيمان، يجعل الإيمان خاصا، والإسلام عاما. والقول الثاني: أن هذا الإسلام هو الاستسلام خوف السبي والقتل، مثل إسلام المنافقين، قالوا: وهؤلاء كفار، فإن الإيمان لم يدخل في قلوبهم، ومن لم يدخل الإيمان في قلبه فهو كافر. وهذا اختيار البخاري، ومحمد بن نصر المروزي، والسلف مختلفون في ذلك. قال محمد بن نصر: حدثنا إسحاق، أنبأنا جرير، عن مغيرة، قال: أتيت إبراهيم النخعي، فقلت: إن رجلا خاصمني يقال له: سعيد العنبري، فقال إبراهيم: ليس بالعنبري ولكنه زبيدي. قوله: {قالت الأعراب آمنا قل لم تؤمنوا ولكن قولوا أسلمنا} [الحجرات: 14] فقال: هو الاستسلام، فقال إبراهيم: لا، هو الإسلام. وقال: حدثنا محمد بن يحيي، حدثنا محمد بن يوسف، حدثنا سفيان عن مجاهد: {قالت الأعراب آمنا قل لم تؤمنوا ولكن قولوا أسلمنا} ، قال: استسلمنا خوف السبي والقتل، ولكن هذا منقطع، سفيان لم يدرك مجاهدا، والذين قالوا: إن هذا الإسلام هو كإسلام المنافقين، لا يثابون عليه، قالوا: لأن الله نفى عنهم الإيمان، ومن نفى عنه الإيمان فهو كافر، وقال هؤلاء: الإسلام هو الإيمان، وكل مسلم مؤمن، وكل مؤمن مسلم، ومن جعل الفساق مسلمين غير مؤمنين، لزمه ألا يجعلهم داخلين في قوله تعالى: {يا أيها الذين آمنوا إذا قمتم إلى الصلاة} [المائدة: 6] ، وفي قوله تعالى: {يا أيها الذين آمنوا إذا نودي للصلاة من يوم الجمعة} [الجمعة: 9] وأمثال ذلك، فإنهم إنما دعوا باسم الإيمان، لا باسم الإسلام، فمن لم يكن مؤمنا لم يدخل في ذلك. وجواب هذا أن يقال: الذين قالوا من السلف: إنهم خرجوا من الإيمان إلى الإسلام، لم يقولوا: إنه لم يبق معهم من الإيمان شيء، بل هذا قول الخوارج، والمعتزلة. وأهل السنة الذين قالوا هذا يقولون: الفساق يخرجون من النار بالشفاعة، وإن معهم إيمانا يخرجون به من النار. لكن لا يطلق عليهم اسم الإيمان، لأن الإيمان المطلق هو الذي يستحق صاحبه الثواب، ودخول الجنة، وهؤلاء ليسوا من أهله، وهم يدخلون في الخطاب بالإيمان؛ لأن الخطاب بذلك هو لمن دخل في الإيمان وإن لم يستكمله، فإنه إنما خوطب ليفعل تمام الإيمان، فكيف يكون قد أتمه قبل الخطاب؟ ! وإلا كنا قد تبينا أن هذا المأمور من الإيمان قبل الخطاب، وإنما صار من الإيمان بعد أن أمروا به، فالخطاب ب {إنما المؤمنون الذين آمنوا} ، غير قوله: {إنما المؤمنون الذين آمنوا بالله ورسوله ثم لم يرتابوا وجاهدوا بأموالهم وأنفسهم} [الحجرات: 15] ونظائرها، فإن الخطاب ب {يا أيها الذين آمنوا} أولا: يدخل فيه من أظهر الإيمان، وإن كان منافقا في الباطن يدخل فيه في الظاهر، فكيف لا يدخل فيه من لم يكن منافقا، وإن لم يكن من المؤمنين حقا. وحقيقته أن من لم يكن من المؤمنين حقا، يقال فيه: إنه مسلم، ومعه إيمان يمنعه الخلود في النار، وهذا متفق عليه بين أهل السنة، لكن هل يطلق عليه اسم الإيمان؟ هذا هو الذي تنازعوا فيه. فقيل: يقال: مسلم، ولا يقال: مؤمن. وقيل: بل يقال: مؤمن. والتحقيق أن يقال: إنه مؤمن ناقص الإيمان، مؤمن بإيمانه، فاسق بكبيرته، ولا يعطي اسم الإيمان المطلق، فإن الكتاب والسنة نفيا عنه الاسم المطلق، واسم الإيمان يتناوله فيما أمر الله به ورسوله؛ لأن ذلك إيجاب عليه وتحريم عليه، وهو لازم له كما يلزمه غيره، وإنما الكلام في اسم المدح المطلق، وعلى هذا فالخطاب بالإيمان يدخل فيه ثلاث طوائف: يدخل فيه المؤمن حقا. ويدخل فيه المنافق في أحكامه الظاهرة، وإن كانوا في الآخرة في الدرك الأسفل من النار، وهو في الباطن ينفي عنه الإسلام والإيمان، وفي الظاهر يثبت له الإسلام والإيمان الظاهر. ويدخل فيه الذين أسلموا وإن لم تدخل حقيقة الإيمان في قلوبهم، لكن معهم جزء من الإيمان والإسلام يثابون عليه.
... A27: 26 | B27: Düşük (gürültü mü gerçek mi?) | C27: MF-V07-S06-P020 | D27: IMN-S00-P085 | E27: 0.395 | F27: 0.395 | G27: 0 | H27: 0 | I27: S: V07P195–V07P258 T: V01P007–V01P359 | J27: وأحمد إن كان أراد في هذه الرواية أن الإسلام هو الشهادتان فقط فكل من قالها فهو مسلم فهذه إحدى الروايات عنه والرواية الأخرى: لا يكون مسلما حتى يأتي بها ويصلي فإذا لم يصل كان كافرا. و " الثالثة " أنه كافر بترك الزكاة أيضا. و " الرابعة " أنه يكفر بترك الزكاة إذا قاتل الإمام عليها دون ما إذا لم يقاتله وعنه أنه لو قال: أنا أؤديها ولا أدفعها إلى الإمام لم يكن للإمام أن يقتله وكذلك عنه رواية أنه يكفر بترك الصيام والحج إذا عزم أنه لا يحج أبدا. ومعلوم أنه على القول بكفر تارك المباني يمتنع أن يكون الإسلام مجرد الكلمة بل المراد أنه إذا أتى بالكلمة دخل في الإسلام وهذا صحيح فإنه يشهد له بالإسلام ولا يشهد له بالإيمان الذي في القلب ولا يستثنى في هذا الإسلام لأنه أمر مشهور لكن الإسلام الذي هو أداء الخمس كما أمر به يقبل الاستثناء فالإسلام الذي لا يستثنى فيه الشهادتان باللسان فقط فإنها لا تزيد ولا تنقص فلا استثناء فيها. وقد صار | K27: قلت لأبي عبد الله: رواه غير سويد؟ قال: ما علمت بذلك، وسمعت أبا عبد الله يقول: الإيمان قول وعمل. قلت لأبي عبد الله: فالحديث الذي يروى: " أعتقها فإنها مؤمنة " قال: ليس كل أحد يقول: إنها مؤمنة، يقولون: أعتقها. قال: ومالك سمعه من هذا الشيخ هلال بن علي لا يقول: " فإنها مؤمنة " وقد قال بعضهم بأنها مؤمنة، فهي حين تقر بذاك فحكمها حكم المؤمنة، وهذا معناه. قلت لأبي عبد الله: تفرق بين الإيمان والإسلام؟ فقال: قد اختلف الناس فيه، وكان حماد بن زيد زعموا يفرق بين الإيمان والإسلام، قيل له: من المرجئة؟ قال: الذين يقولون: الإيمان قول بلا عمل. قلت: فأحمد بن حنبل لم يرد قط أنه سلب جميع الإيمان فلم يبق معه منه شيء، كما تقوله الخوارج والمعتزلة، فإنه قد صرح في غير موضع بأن أهل الكبائر معهم إيمان يخرجون به من النار، واحتج بقول النبي صلى الله عليه وسلم: " أخرجوا من النار من كان في قلبه مثقال ذرة من إيمان "، وليس هذا قوله ولا قول أحد من أئمة أهل السنة، بل كلهم متفقون على أن الفساق الذين ليسوا منافقين معهم شيء من الإيمان يخرجون به من النار، هو الفارق بينهم وبين الكفار والمنافقين، لكن إذا كان معه بعض الإيمان لم يلزم أن يدخل في الاسم المطلق الممدوح، وصاحب الشرع قد نفى الاسم عن هؤلاء فقال: " لا يرني الزاني حين يزني وهو مؤمن "، وقال: " لا يؤمن أحدكم حتي يحب لأخيه من الخير ما يحب لنفسه " وقال: " لا يؤمن من لا يأمن جاره بوائقه " وأقسم على ذلك مرات وقال: " المؤمن من أمنه الناس على دمائهم وأموالهم " والمعتزلة ينفون عنه اسم الإيمان بالكلية، واسم الإسلام أيضا ويقولون: ليس معه شيء من الإيمان والإسلام، ويقولون: ننزله منزلة بين منزلتين، فهم يقولون: إنه يخلد في النار لا يخرج منها بالشفاعة، وهذا هو الذي أنكر عليهم، وإلا لو نفوا مطلق الاسم وأثبتوا معه شيئا من الإيمان يخرج به من النار لم يكونوا مبتدعة، وكل أهل السنة متفقون على أنه قد سلب كمال الإيمان الواجب، فزال بعض إيمانه الواجب، لكنه من أهل الوعيد، وإنما ينازع في ذلك من يقول: الإيمان لا يتبعض من الجهمية والمرجئة، فيقولون: إنه كامل الإيمان، فالذي ينفى إطلاق الاسم يقول: الاسم المطلق مقرون بالمدح واستحقاق الثواب، كقولنا: متق، وبر، وعلى الصراط المستقيم، فإذا كان الفاسق لا تطلق عليه هذه الأسماء، فكذلك اسم الإيمان، وأما دخوله في الخطاب، فلأن المخاطب باسم الإيمان كل من معه شيء منه؛ لأنه أمر لهم، فمعاصيهم لا تسقط عنهم الأمر. وأما ما ذكره أحمد في الإسلام، فاتبع فيه الزهري حيث قال: فكانوا يرون الإسلام الكلمة، والإيمان العمل، في حديث سعد بن أبي وقاص، وهذا على وجهين، فإنه قد يراد به الكلمة بتوابعها من الأعمال الظاهرة، وهذا هو الإسلام الذي بينه النبي صلى الله عليه وسلم حيث قال: " الإسلام: أن تشهد أن لا إله إلا الله وأن محمدا رسول الله، وتقيم الصلاة، وتؤتي الزكاة، وتصوم رمضان، وتحج البيت ". وقد يراد به الكلمة فقط من غير فعل الواجبات الظاهرة، وليس هذا هو الذي جعله النبي صلى الله عليه وسلم الإسلام. لكن قد يقال: إسلام الأعراب كان من هذا، فيقال: الأعراب وغيرهم كانوا إذا أسلموا على عهد النبي صلى الله عليه وسلم ألزموا بالأعمال الظاهرة: الصلاة، والزكاة، والصيام، والحج، ولم يكن أحد يترك بمجرد الكلمة، بل كان من أظهر المعصية يعاقب عليها. وأحمد إن كان أراد في هذه الرواية أن الإسلام هو الشهادتان فقط، فكل من قالها فهو مسلم، فهذه إحدى الروايات عنه، والرواية الأخرى: لا يكون مسلما حتى يأتي بها ويصلي، فإذا لم يصل كان كافرا. والثالثة: أنه كافر بترك الزكاة أيضا. والرابعة: أنه يكفر بترك الزكاة إذا قاتل الإمام عليها دون ما إذا لم يقاتله، وعنه أنه لو قال: أنا أؤديها ولا أدفعها إلى الإمام، لم يكن للإمام أن يقتله، وكذلك عنه رواية أنه يكفر

Sheet Claude_Baseline_GIZLI
A1: # | B1: Source ID | C1: Target ID | D1: Skor | E1: Claude'un etiketi | F1: Claude'un gerekçesi
A2: ⚠️ Bu sayfa atölye SIRASINDA görünmemeli. Cohen κ (inter-rater agreement) hesaplanabilmesi için Hüseyin Hoca'nın bağımsız etiketleri öncelikli. Atölye SONRASI tahkim için açılır.
A3: 1 | B3: MF-V07-S09-P021 | C3: IMN-S00-P132 | D3: 0.958 | E3: EDITED | F3: Albani giriş cümlesini ('قلت: لفظ المجمل والمطلق...') atmış, 'ليست مما لا يفهم المراد به...' sonrası birebir aynı. Sonunda Albani daha geniş devam içeriği ekliyor.
A4: 2 | B4: MF-V07-S08-P005 | C4: IMN-S00-P105 | D4: 0.973 | E4: EDITED | F4: Kaynak 'فصل: ومما يسأل عنه...' fasıl başlığıyla açılıyor; hedef 'والتحقيق أن النبي...' sonrasını birebir alıyor. Albani başlığı + ön argümanı çıkarmış.
A5: 3 | B5: MF-V07-S08-P007 | C5: IMN-S00-P107 | D5: 0.96 | E5: EDITED | F5: Hedef daha geniş bağlam içeriyor (754 vs 624 kelime); Albani önceki passage'la birleştirmiş gibi. Kaynaktaki cümle ('لأنه لا يستحق هذا الاسم...') hedefin ortasında birebir bulunabiliyor.
A6: 4 | B6: MF-V07-S09-P025 | C6: IMN-S00-P136 | D6: 0.964 | E6: EDITED | F6: Albani ilk cümleleri ('وسائر المرجئة...') atmış, 'والشافعي مع الصحابة...' sonrasını birebir alıyor. Sondaki içerik de Albani'de daha geniş.
A7: 5 | B7: MF-V07-S07-P008 | C7: IMN-S00-P095 | D7: 0.968 | E7: EDITED | F7: Kaynak hadisin yarısından kesilmiş ('قالها لذهب عنه...'); Albani hadisin tam başlangıcını ('وفي الصحيحين عن النبي...') ekleyip devamını birebir alıyor.
A8: 6 | B8: MF-V07-S06-P004 | C8: IMN-S00-P069 | D8: 0.911 | E8: EDITED | F8: Albani Şâfiî'nin kaynağını (Atâ'dan rivayet) ek bir önsözle eklemiş; sonrasında 'وقال الشافعي رضي الله عنه في كتاب الأم...' kısmı birebir aynı.
A9: 7 | B9: MF-V07-S11-P007 | C9: IMN-S00-P152 | D9: 0.912 | E9: EDITED | F9: Kaynaktaki başlangıç bölümü (Halal nakli, ölüm hadisleri) hedefte yok; Albani kaynaktaki Ahmad-yaşlı diyaloğundan ('قال: ودخل عليه شيخ...') başlıyor.
A10: 8 | B10: MF-V07-S00-P011 | C10: IMN-S00-P012 | D10: 0.926 | E10: EXACT | F10: Birebir aynı pasaj. Albani sadece editöryel referansları ([آل عمران: 103]) ve noktalama eklemiş — metin akışı hiç değişmemiş.
A11: 9 | B11: MF-V07-S09-P008 | C11: IMN-S00-P118 | D11: 0.824 | E11: OVERLAP | F11: Kaynak münafık/mü'min/küfür tanımları; hedef Hz. Peygamber'in şefaat duası ve cennet/cehennem dereceleri. Aynı geniş konu (iman-amel-küfür) ama tamamen farklı argümanlar.
A12: 10 | B12: MF-V07-S09-P026 | C12: IMN-S00-P137 | D12: 0.93 | E12: EXACT | F12: Birebir aynı pasaj. 'وهكذا كثير من الفلاسفة...' başlangıcından itibaren tüm metin aynı; Albani sadece [التوحيد] gibi bracket'lar eklemiş.
A13: 11 | B13: MF-V07-S00-P008 | C13: IMN-S00-P009 | D13: 0.634 | E13: OVERLAP | F13: Kaynak kalp katılığı + namaz; hedef Ammâr'ın namaz hadisi + haşyet. Ortak konu (namaz, iman, kalp) ama farklı pasajlar.
A14: 12 | B14: MF-V07-S06-P013 | C14: IMN-S00-P079 | D14: 0.763 | E14: OVERLAP | F14: Kaynak 'sekizinci yön: cahil mü'min'in tasdiki'; hedef 'Allah'ın kalplerine iman girmediği topluluk' tartışması. Aynı tema (iman seviyeleri) ama farklı argümanlar.
... A28: 26 | B28: MF-V07-S06-P020 | C28: IMN-S00-P085 | D28: 0.395 | E28: OVERLAP | F28: İkisi de Ahmad'dan nakil (iman/İslâm farkı); kaynak şehâdeteyn-namaz-zekât küfür rivayetleri, hedef 'أعتقها فإنها مؤمنة' hadisi ve Hammâd b. Zeyd ayrımı. Yakın ama farklı pasajlar — algoritma kelime ortaklığını (Ahmad, iman, İslâm) yakalamış.

Sheet Özet
A1: 📊 İlerleme ve Sınıf Dağılımı
A3: Toplam pair: | B3: 26
A4: Etiketlenen: | B4: =COUNTA(Etiketleme!L2:L27) -> 0
A5: Kalan: | B5: =B3-B4 -> 26
A6: İlerleme: | B6: =B4/B3 -> 0
A9: 🏷️ Sınıf dağılımı
A10: Etiket | B10: Sayı | C10: Oran
A11: EXACT | B11: =COUNTIF(Etiketleme!L2:L27,"EXACT") -> 0 | C11: =IF($B$4=0,0,B11/$B$4) -> 0
A12: EDITED | B12: =COUNTIF(Etiketleme!L2:L27,"EDITED") -> 0 | C12: =IF($B$4=0,0,B12/$B$4) -> 0
A13: EXCERPT | B13: =COUNTIF(Etiketleme!L2:L27,"EXCERPT") -> 0 | C13: =IF($B$4=0,0,B13/$B$4) -> 0
A14: OVERLAP | B14: =COUNTIF(Etiketleme!L2:L27,"OVERLAP") -> 0 | C14: =IF($B$4=0,0,B14/$B$4) -> 0
A15: NOISE | B15: =COUNTIF(Etiketleme!L2:L27,"NOISE") -> 0 | C15: =IF($B$4=0,0,B15/$B$4) -> 0
A18: 📐 Bant × Etiket çapraz tablosu
A19: Bant | B19: EXACT | C19: EDITED | D19: EXCERPT | E19: OVERLAP | F19: NOISE
A20: Çok yüksek | B20: =COUNTIFS(Etiketleme!B2:B27,"Çok yüksek (likely birebir)",Etiketleme!L2:L27,"EXACT") -> 0 | C20: =COUNTIFS(Etiketleme!B2:B27,"Çok yüksek (likely birebir)",Etiketleme!L2:L27,"EDITED") -> 0 | D20: =COUNTIFS(Etiketleme!B2:B27,"Çok yüksek (likely birebir)",Etiketleme!L2:L27,"EXCERPT") -> 0 | E20: =COUNTIFS(Etiketleme!B2:B27,"Çok yüksek (likely birebir)",Etiketleme!L2:L27,"OVERLAP") -> 0 | F20: =COUNTIFS(Etiketleme!B2:B27,"Çok yüksek (likely birebir)",Etiketleme!L2:L27,"NOISE") -> 0
A21: Yüksek | B21: =COUNTIFS(Etiketleme!B2:B27,"Yüksek (büyük ihtimal düzenlenmiş tekrar)",Etiketleme!L2:L27,"EXACT") -> 0 | C21: =COUNTIFS(Etiketleme!B2:B27,"Yüksek (büyük ihtimal düzenlenmiş tekrar)",Etiketleme!L2:L27,"EDITED") -> 0 | D21: =COUNTIFS(Etiketleme!B2:B27,"Yüksek (büyük ihtimal düzenlenmiş tekrar)",Etiketleme!L2:L27,"EXCERPT") -> 0 | E21: =COUNTIFS(Etiketleme!B2:B27,"Yüksek (büyük ihtimal düzenlenmiş tekrar)",Etiketleme!L2:L27,"OVERLAP") -> 0 | F21: =COUNTIFS(Etiketleme!B2:B27,"Yüksek (büyük ihtimal düzenlenmiş tekrar)",Etiketleme!L2:L27,"NOISE") -> 0
A22: Orta-yüksek | B22: =COUNTIFS(Etiketleme!B2:B27,"Orta-yüksek (paragraf ortak, paraphrase olabilir)",Etiketleme!L2:L27,"EXACT") -> 0 | C22: =COUNTIFS(Etiketleme!B2:B27,"Orta-yüksek (paragraf ortak, paraphrase olabilir)",Etiketleme!L2:L27,"EDITED") -> 0 | D22: =COUNTIFS(Etiketleme!B2:B27,"Orta-yüksek (paragraf ortak, paraphrase olabilir)",Etiketleme!L2:L27,"EXCERPT") -> 0 | E22: =COUNTIFS(Etiketleme!B2:B27,"Orta-yüksek (paragraf ortak, paraphrase olabilir)",Etiketleme!L2:L27,"OVERLAP") -> 0 | F22: =COUNTIFS(Etiketleme!B2:B27,"Orta-yüksek (paragraf ortak, paraphrase olabilir)",Etiketleme!L2:L27,"NOISE") -> 0
A23: Orta | B23: =COUNTIFS(Etiketleme!B2:B27,"Orta (parça ortak, asıl iddia farklı olabilir)",Etiketleme!L2:L27,"EXACT") -> 0 | C23: =COUNTIFS(Etiketleme!B2:B27,"Orta (parça ortak, asıl iddia farklı olabilir)",Etiketleme!L2:L27,"EDITED") -> 0 | D23: =COUNTIFS(Etiketleme!B2:B27,"Orta (parça ortak, asıl iddia farklı olabilir)",Etiketleme!L2:L27,"EXCERPT") -> 0 | E23: =COUNTIFS(Etiketleme!B2:B27,"Orta (parça ortak, asıl iddia farklı olabilir)",Etiketleme!L2:L27,"OVERLAP") -> 0 | F23: =COUNTIFS(Etiketleme!B2:B27,"Orta (parça ortak, asıl iddia farklı olabilir)",Etiketleme!L2:L27,"NOISE") -> 0
A24: Düşük | B24: =COUNTIFS(Etiketleme!B2:B27,"Düşük (gürültü mü gerçek mi?)",Etiketleme!L2:L27,"EXACT") -> 0 | C24: =COUNTIFS(Etiketleme!B2:B27,"Düşük (gürültü mü gerçek mi?)",Etiketleme!L2:L27,"EDITED") -> 0 | D24: =COUNTIFS(Etiketleme!B2:B27,"Düşük (gürültü mü gerçek mi?)",Etiketleme!L2:L27,"EXCERPT") -> 0 | E24: =COUNTIFS(Etiketleme!B2:B27,"Düşük (gürültü mü gerçek mi?)",Etiketleme!L2:L27,"OVERLAP") -> 0 | F24: =COUNTIFS(Etiketleme!B2:B27,"Düşük (gürültü mü gerçek mi?)",Etiketleme!L2:L27,"NOISE") -> 0
A27: 💡 Atölye Sonu
A28: Ali, atölye sonu bu xlsx'i Claude'a gönderecek. Cohen κ (Hüseyin Hoca ↔ Claude baseline) hesaplanacak. Tartışmalı pair'ler (Notlar'da TARTIŞMA yazılı olanlar) Hüseyin Hoca + Ali ortak oturumda tahkim edilecek.
